<?xml version="1.0" encoding="ISO-8859-1"?><pnml>
<net id="Net-One" type="P/T net">
<token id="Default" enabled="true" red="0" green="0" blue="0"/>
<place id="P01">
<graphics>
<position x="345.0" y="105.0"/>
</graphics>
<name>
<value>P01</value>
<graphics>
<offset x="0.0" y="0.0"/>
</graphics>
</name>
<initialMarking>
<value>Default,1</value>
<graphics>
<offset x="0.0" y="0.0"/>
</graphics>
</initialMarking>
<capacity>
<value>0</value>
</capacity>
</place>
<place id="P02">
<graphics>
<position x="735.0" y="105.0"/>
</graphics>
<name>
<value>P02</value>
<graphics>
<offset x="0.0" y="0.0"/>
</graphics>
</name>
<initialMarking>
<value>Default,0</value>
<graphics>
<offset x="0.0" y="0.0"/>
</graphics>
</initialMarking>
<capacity>
<value>0</value>
</capacity>
</place>
<place id="P03">
<graphics>
<position x="1140.0" y="105.0"/>
</graphics>
<name>
<value>P03</value>
<graphics>
<offset x="0.0" y="0.0"/>
</graphics>
</name>
<initialMarking>
<value>Default,0</value>
<graphics>
<offset x="0.0" y="0.0"/>
</graphics>
</initialMarking>
<capacity>
<value>0</value>
</capacity>
</place>
<place id="P04">
<graphics>
<position x="240.0" y="300.0"/>
</graphics>
<name>
<value>P04</value>
<graphics>
<offset x="0.0" y="0.0"/>
</graphics>
</name>
<initialMarking>
<value>Default,0</value>
<graphics>
<offset x="0.0" y="0.0"/>
</graphics>
</initialMarking>
<capacity>
<value>0</value>
</capacity>
</place>
<place id="P05">
<graphics>
<position x="300.0" y="300.0"/>
</graphics>
<name>
<value>P05</value>
<graphics>
<offset x="0.0" y="0.0"/>
</graphics>
</name>
<initialMarking>
<value>Default,0</value>
<graphics>
<offset x="0.0" y="0.0"/>
</graphics>
</initialMarking>
<capacity>
<value>0</value>
</capacity>
</place>
<place id="P06">
<graphics>
<position x="360.0" y="300.0"/>
</graphics>
<name>
<value>P06</value>
<graphics>
<offset x="0.0" y="0.0"/>
</graphics>
</name>
<initialMarking>
<value>Default,0</value>
<graphics>
<offset x="0.0" y="0.0"/>
</graphics>
</initialMarking>
<capacity>
<value>0</value>
</capacity>
</place>
<place id="P07">
<graphics>
<position x="420.0" y="300.0"/>
</graphics>
<name>
<value>P07</value>
<graphics>
<offset x="0.0" y="0.0"/>
</graphics>
</name>
<initialMarking>
<value>Default,0</value>
<graphics>
<offset x="0.0" y="0.0"/>
</graphics>
</initialMarking>
<capacity>
<value>0</value>
</capacity>
</place>
<place id="P08">
<graphics>
<position x="645.0" y="300.0"/>
</graphics>
<name>
<value>P08</value>
<graphics>
<offset x="0.0" y="0.0"/>
</graphics>
</name>
<initialMarking>
<value>Default,0</value>
<graphics>
<offset x="0.0" y="0.0"/>
</graphics>
</initialMarking>
<capacity>
<value>0</value>
</capacity>
</place>
<place id="P09">
<graphics>
<position x="705.0" y="300.0"/>
</graphics>
<name>
<value>P09</value>
<graphics>
<offset x="0.0" y="0.0"/>
</graphics>
</name>
<initialMarking>
<value>Default,0</value>
<graphics>
<offset x="0.0" y="0.0"/>
</graphics>
</initialMarking>
<capacity>
<value>0</value>
</capacity>
</place>
<place id="P10">
<graphics>
<position x="765.0" y="300.0"/>
</graphics>
<name>
<value>P10</value>
<graphics>
<offset x="0.0" y="0.0"/>
</graphics>
</name>
<initialMarking>
<value>Default,0</value>
<graphics>
<offset x="0.0" y="0.0"/>
</graphics>
</initialMarking>
<capacity>
<value>0</value>
</capacity>
</place>
<place id="P11">
<graphics>
<position x="825.0" y="300.0"/>
</graphics>
<name>
<value>P11</value>
<graphics>
<offset x="0.0" y="0.0"/>
</graphics>
</name>
<initialMarking>
<value>Default,0</value>
<graphics>
<offset x="0.0" y="0.0"/>
</graphics>
</initialMarking>
<capacity>
<value>0</value>
</capacity>
</place>
<place id="P12">
<graphics>
<position x="1035.0" y="300.0"/>
</graphics>
<name>
<value>P12</value>
<graphics>
<offset x="0.0" y="0.0"/>
</graphics>
</name>
<initialMarking>
<value>Default,0</value>
<graphics>
<offset x="0.0" y="0.0"/>
</graphics>
</initialMarking>
<capacity>
<value>0</value>
</capacity>
</place>
<place id="P13">
<graphics>
<position x="1095.0" y="300.0"/>
</graphics>
<name>
<value>P13</value>
<graphics>
<offset x="0.0" y="0.0"/>
</graphics>
</name>
<initialMarking>
<value>Default,0</value>
<graphics>
<offset x="0.0" y="0.0"/>
</graphics>
</initialMarking>
<capacity>
<value>0</value>
</capacity>
</place>
<place id="P14">
<graphics>
<position x="1155.0" y="300.0"/>
</graphics>
<name>
<value>P14</value>
<graphics>
<offset x="0.0" y="0.0"/>
</graphics>
</name>
<initialMarking>
<value>Default,0</value>
<graphics>
<offset x="0.0" y="0.0"/>
</graphics>
</initialMarking>
<capacity>
<value>0</value>
</capacity>
</place>
<place id="P15">
<graphics>
<position x="1215.0" y="300.0"/>
</graphics>
<name>
<value>P15</value>
<graphics>
<offset x="0.0" y="0.0"/>
</graphics>
</name>
<initialMarking>
<value>Default,0</value>
<graphics>
<offset x="0.0" y="0.0"/>
</graphics>
</initialMarking>
<capacity>
<value>0</value>
</capacity>
</place>
<transition id="T01">
<graphics>
<position x="540.0" y="105.0"/>
</graphics>
<name>
<value>T01</value>
<graphics>
<offset x="-5.0" y="35.0"/>
</graphics>
</name>
<orientation>
<value>0</value>
</orientation>
<rate>
<value>1.0</value>
</rate>
<timed>
<value>false</value>
</timed>
<infiniteServer>
<value>false</value>
</infiniteServer>
<priority>
<value>1</value>
</priority>
</transition>
<transition id="T02">
<graphics>
<position x="900.0" y="105.0"/>
</graphics>
<name>
<value>T02</value>
<graphics>
<offset x="-5.0" y="35.0"/>
</graphics>
</name>
<orientation>
<value>0</value>
</orientation>
<rate>
<value>1.0</value>
</rate>
<timed>
<value>false</value>
</timed>
<infiniteServer>
<value>false</value>
</infiniteServer>
<priority>
<value>1</value>
</priority>
</transition>
<transition id="T03">
<graphics>
<position x="1260.0" y="105.0"/>
</graphics>
<name>
<value>T03</value>
<graphics>
<offset x="-5.0" y="35.0"/>
</graphics>
</name>
<orientation>
<value>0</value>
</orientation>
<rate>
<value>1.0</value>
</rate>
<timed>
<value>false</value>
</timed>
<infiniteServer>
<value>false</value>
</infiniteServer>
<priority>
<value>1</value>
</priority>
</transition>
<transition id="T04">
<graphics>
<position x="240.0" y="210.0"/>
</graphics>
<name>
<value>T04</value>
<graphics>
<offset x="-5.0" y="35.0"/>
</graphics>
</name>
<orientation>
<value>90</value>
</orientation>
<rate>
<value>1.0</value>
</rate>
<timed>
<value>false</value>
</timed>
<infiniteServer>
<value>false</value>
</infiniteServer>
<priority>
<value>1</value>
</priority>
</transition>
<transition id="T05">
<graphics>
<position x="300.0" y="210.0"/>
</graphics>
<name>
<value>T05</value>
<graphics>
<offset x="-5.0" y="35.0"/>
</graphics>
</name>
<orientation>
<value>90</value>
</orientation>
<rate>
<value>1.0</value>
</rate>
<timed>
<value>false</value>
</timed>
<infiniteServer>
<value>false</value>
</infiniteServer>
<priority>
<value>1</value>
</priority>
</transition>
<transition id="T06">
<graphics>
<position x="360.0" y="210.0"/>
</graphics>
<name>
<value>T06</value>
<graphics>
<offset x="-5.0" y="35.0"/>
</graphics>
</name>
<orientation>
<value>90</value>
</orientation>
<rate>
<value>1.0</value>
</rate>
<timed>
<value>false</value>
</timed>
<infiniteServer>
<value>false</value>
</infiniteServer>
<priority>
<value>1</value>
</priority>
</transition>
<transition id="T07">
<graphics>
<position x="420.0" y="210.0"/>
</graphics>
<name>
<value>T07</value>
<graphics>
<offset x="-5.0" y="35.0"/>
</graphics>
</name>
<orientation>
<value>90</value>
</orientation>
<rate>
<value>1.0</value>
</rate>
<timed>
<value>false</value>
</timed>
<infiniteServer>
<value>false</value>
</infiniteServer>
<priority>
<value>1</value>
</priority>
</transition>
<transition id="T08">
<graphics>
<position x="645.0" y="210.0"/>
</graphics>
<name>
<value>T08</value>
<graphics>
<offset x="-5.0" y="35.0"/>
</graphics>
</name>
<orientation>
<value>90</value>
</orientation>
<rate>
<value>1.0</value>
</rate>
<timed>
<value>false</value>
</timed>
<infiniteServer>
<value>false</value>
</infiniteServer>
<priority>
<value>1</value>
</priority>
</transition>
<transition id="T09">
<graphics>
<position x="705.0" y="210.0"/>
</graphics>
<name>
<value>T09</value>
<graphics>
<offset x="-5.0" y="35.0"/>
</graphics>
</name>
<orientation>
<value>90</value>
</orientation>
<rate>
<value>1.0</value>
</rate>
<timed>
<value>false</value>
</timed>
<infiniteServer>
<value>false</value>
</infiniteServer>
<priority>
<value>1</value>
</priority>
</transition>
<transition id="T10">
<graphics>
<position x="765.0" y="210.0"/>
</graphics>
<name>
<value>T10</value>
<graphics>
<offset x="-5.0" y="35.0"/>
</graphics>
</name>
<orientation>
<value>90</value>
</orientation>
<rate>
<value>1.0</value>
</rate>
<timed>
<value>false</value>
</timed>
<infiniteServer>
<value>false</value>
</infiniteServer>
<priority>
<value>1</value>
</priority>
</transition>
<transition id="T11">
<graphics>
<position x="825.0" y="210.0"/>
</graphics>
<name>
<value>T11</value>
<graphics>
<offset x="-5.0" y="35.0"/>
</graphics>
</name>
<orientation>
<value>90</value>
</orientation>
<rate>
<value>1.0</value>
</rate>
<timed>
<value>false</value>
</timed>
<infiniteServer>
<value>false</value>
</infiniteServer>
<priority>
<value>1</value>
</priority>
</transition>
<transition id="T12">
<graphics>
<position x="1035.0" y="210.0"/>
</graphics>
<name>
<value>T12</value>
<graphics>
<offset x="-5.0" y="35.0"/>
</graphics>
</name>
<orientation>
<value>90</value>
</orientation>
<rate>
<value>1.0</value>
</rate>
<timed>
<value>false</value>
</timed>
<infiniteServer>
<value>false</value>
</infiniteServer>
<priority>
<value>1</value>
</priority>
</transition>
<transition id="T13">
<graphics>
<position x="1095.0" y="210.0"/>
</graphics>
<name>
<value>T13</value>
<graphics>
<offset x="-5.0" y="35.0"/>
</graphics>
</name>
<orientation>
<value>90</value>
</orientation>
<rate>
<value>1.0</value>
</rate>
<timed>
<value>false</value>
</timed>
<infiniteServer>
<value>false</value>
</infiniteServer>
<priority>
<value>1</value>
</priority>
</transition>
<transition id="T14">
<graphics>
<position x="1155.0" y="210.0"/>
</graphics>
<name>
<value>T14</value>
<graphics>
<offset x="-5.0" y="35.0"/>
</graphics>
</name>
<orientation>
<value>90</value>
</orientation>
<rate>
<value>1.0</value>
</rate>
<timed>
<value>false</value>
</timed>
<infiniteServer>
<value>false</value>
</infiniteServer>
<priority>
<value>1</value>
</priority>
</transition>
<transition id="T15">
<graphics>
<position x="1215.0" y="210.0"/>
</graphics>
<name>
<value>T15</value>
<graphics>
<offset x="-5.0" y="35.0"/>
</graphics>
</name>
<orientation>
<value>90</value>
</orientation>
<rate>
<value>1.0</value>
</rate>
<timed>
<value>false</value>
</timed>
<infiniteServer>
<value>false</value>
</infiniteServer>
<priority>
<value>1</value>
</priority>
</transition>
<transition id="T16">
<graphics>
<position x="240.0" y="375.0"/>
</graphics>
<name>
<value>T16</value>
<graphics>
<offset x="-5.0" y="35.0"/>
</graphics>
</name>
<orientation>
<value>90</value>
</orientation>
<rate>
<value>1.0</value>
</rate>
<timed>
<value>false</value>
</timed>
<infiniteServer>
<value>false</value>
</infiniteServer>
<priority>
<value>1</value>
</priority>
</transition>
<transition id="T17">
<graphics>
<position x="300.0" y="375.0"/>
</graphics>
<name>
<value>T17</value>
<graphics>
<offset x="-5.0" y="35.0"/>
</graphics>
</name>
<orientation>
<value>90</value>
</orientation>
<rate>
<value>1.0</value>
</rate>
<timed>
<value>false</value>
</timed>
<infiniteServer>
<value>false</value>
</infiniteServer>
<priority>
<value>1</value>
</priority>
</transition>
<transition id="T18">
<graphics>
<position x="360.0" y="375.0"/>
</graphics>
<name>
<value>T18</value>
<graphics>
<offset x="-5.0" y="35.0"/>
</graphics>
</name>
<orientation>
<value>90</value>
</orientation>
<rate>
<value>1.0</value>
</rate>
<timed>
<value>false</value>
</timed>
<infiniteServer>
<value>false</value>
</infiniteServer>
<priority>
<value>1</value>
</priority>
</transition>
<transition id="T19">
<graphics>
<position x="420.0" y="375.0"/>
</graphics>
<name>
<value>T19</value>
<graphics>
<offset x="-5.0" y="35.0"/>
</graphics>
</name>
<orientation>
<value>90</value>
</orientation>
<rate>
<value>1.0</value>
</rate>
<timed>
<value>false</value>
</timed>
<infiniteServer>
<value>false</value>
</infiniteServer>
<priority>
<value>1</value>
</priority>
</transition>
<transition id="T20">
<graphics>
<position x="645.0" y="375.0"/>
</graphics>
<name>
<value>T20</value>
<graphics>
<offset x="-5.0" y="35.0"/>
</graphics>
</name>
<orientation>
<value>90</value>
</orientation>
<rate>
<value>1.0</value>
</rate>
<timed>
<value>false</value>
</timed>
<infiniteServer>
<value>false</value>
</infiniteServer>
<priority>
<value>1</value>
</priority>
</transition>
<transition id="T21">
<graphics>
<position x="705.0" y="375.0"/>
</graphics>
<name>
<value>T21</value>
<graphics>
<offset x="-5.0" y="35.0"/>
</graphics>
</name>
<orientation>
<value>90</value>
</orientation>
<rate>
<value>1.0</value>
</rate>
<timed>
<value>false</value>
</timed>
<infiniteServer>
<value>false</value>
</infiniteServer>
<priority>
<value>1</value>
</priority>
</transition>
<transition id="T22">
<graphics>
<position x="765.0" y="375.0"/>
</graphics>
<name>
<value>T22</value>
<graphics>
<offset x="-5.0" y="35.0"/>
</graphics>
</name>
<orientation>
<value>90</value>
</orientation>
<rate>
<value>1.0</value>
</rate>
<timed>
<value>false</value>
</timed>
<infiniteServer>
<value>false</value>
</infiniteServer>
<priority>
<value>1</value>
</priority>
</transition>
<transition id="T23">
<graphics>
<position x="825.0" y="375.0"/>
</graphics>
<name>
<value>T23</value>
<graphics>
<offset x="-5.0" y="35.0"/>
</graphics>
</name>
<orientation>
<value>90</value>
</orientation>
<rate>
<value>1.0</value>
</rate>
<timed>
<value>false</value>
</timed>
<infiniteServer>
<value>false</value>
</infiniteServer>
<priority>
<value>1</value>
</priority>
</transition>
<transition id="T24">
<graphics>
<position x="1035.0" y="375.0"/>
</graphics>
<name>
<value>T24</value>
<graphics>
<offset x="-5.0" y="35.0"/>
</graphics>
</name>
<orientation>
<value>90</value>
</orientation>
<rate>
<value>1.0</value>
</rate>
<timed>
<value>false</value>
</timed>
<infiniteServer>
<value>false</value>
</infiniteServer>
<priority>
<value>1</value>
</priority>
</transition>
<transition id="T25">
<graphics>
<position x="1095.0" y="375.0"/>
</graphics>
<name>
<value>T25</value>
<graphics>
<offset x="-5.0" y="35.0"/>
</graphics>
</name>
<orientation>
<value>90</value>
</orientation>
<rate>
<value>1.0</value>
</rate>
<timed>
<value>false</value>
</timed>
<infiniteServer>
<value>false</value>
</infiniteServer>
<priority>
<value>1</value>
</priority>
</transition>
<transition id="T26">
<graphics>
<position x="1155.0" y="375.0"/>
</graphics>
<name>
<value>T26</value>
<graphics>
<offset x="-5.0" y="35.0"/>
</graphics>
</name>
<orientation>
<value>90</value>
</orientation>
<rate>
<value>1.0</value>
</rate>
<timed>
<value>false</value>
</timed>
<infiniteServer>
<value>false</value>
</infiniteServer>
<priority>
<value>1</value>
</priority>
</transition>
<transition id="T27">
<graphics>
<position x="1215.0" y="375.0"/>
</graphics>
<name>
<value>T27</value>
<graphics>
<offset x="-5.0" y="35.0"/>
</graphics>
</name>
<orientation>
<value>90</value>
</orientation>
<rate>
<value>1.0</value>
</rate>
<timed>
<value>false</value>
</timed>
<infiniteServer>
<value>false</value>
</infiniteServer>
<priority>
<value>1</value>
</priority>
</transition>
<arc id="P10 to T22" source="P10" target="T22">
<graphics/>
<inscription>
<value>Default,1</value>
<graphics/>
</inscription>
<tagged>
<value>false</value>
</tagged>
<arcpath id="000" x="776" y="326" curvePoint="false"/>
<arcpath id="001" x="776" y="381" curvePoint="false"/>
<type value="normal"/>
</arc>
<arc id="P11 to T23" source="P11" target="T23">
<graphics/>
<inscription>
<value>Default,1</value>
<graphics/>
</inscription>
<tagged>
<value>false</value>
</tagged>
<arcpath id="000" x="836" y="326" curvePoint="false"/>
<arcpath id="001" x="836" y="381" curvePoint="false"/>
<type value="normal"/>
</arc>
<arc id="P12 to T24" source="P12" target="T24">
<graphics/>
<inscription>
<value>Default,1</value>
<graphics/>
</inscription>
<tagged>
<value>false</value>
</tagged>
<arcpath id="000" x="1046" y="326" curvePoint="false"/>
<arcpath id="001" x="1046" y="381" curvePoint="false"/>
<type value="normal"/>
</arc>
<arc id="P13 to T25" source="P13" target="T25">
<graphics/>
<inscription>
<value>Default,1</value>
<graphics/>
</inscription>
<tagged>
<value>false</value>
</tagged>
<arcpath id="000" x="1106" y="326" curvePoint="false"/>
<arcpath id="001" x="1106" y="381" curvePoint="false"/>
<type value="normal"/>
</arc>
<arc id="P14 to T26" source="P14" target="T26">
<graphics/>
<inscription>
<value>Default,1</value>
<graphics/>
</inscription>
<tagged>
<value>false</value>
</tagged>
<arcpath id="000" x="1166" y="326" curvePoint="false"/>
<arcpath id="001" x="1166" y="381" curvePoint="false"/>
<type value="normal"/>
</arc>
<arc id="P15 to T27" source="P15" target="T27">
<graphics/>
<inscription>
<value>Default,1</value>
<graphics/>
</inscription>
<tagged>
<value>false</value>
</tagged>
<arcpath id="000" x="1226" y="326" curvePoint="false"/>
<arcpath id="001" x="1226" y="381" curvePoint="false"/>
<type value="normal"/>
</arc>
<arc id="P1 to T1" source="P01" target="T01">
<graphics/>
<inscription>
<value>Default,1</value>
<graphics/>
</inscription>
<tagged>
<value>false</value>
</tagged>
<arcpath id="000" x="371" y="117" curvePoint="false"/>
<arcpath id="001" x="546" y="117" curvePoint="false"/>
<type value="normal"/>
</arc>
<arc id="P1 to T4" source="P01" target="T04">
<graphics/>
<inscription>
<value>Default,1</value>
<graphics/>
</inscription>
<tagged>
<value>false</value>
</tagged>
<arcpath id="000" x="346" y="127" curvePoint="false"/>
<arcpath id="001" x="251" y="216" curvePoint="false"/>
<type value="normal"/>
</arc>
<arc id="P1 to T5" source="P01" target="T05">
<graphics/>
<inscription>
<value>Default,1</value>
<graphics/>
</inscription>
<tagged>
<value>false</value>
</tagged>
<arcpath id="000" x="350" y="130" curvePoint="false"/>
<arcpath id="001" x="311" y="216" curvePoint="false"/>
<type value="normal"/>
</arc>
<arc id="P1 to T6" source="P01" target="T06">
<graphics/>
<inscription>
<value>Default,1</value>
<graphics/>
</inscription>
<tagged>
<value>false</value>
</tagged>
<arcpath id="000" x="359" y="131" curvePoint="false"/>
<arcpath id="001" x="371" y="216" curvePoint="false"/>
<type value="normal"/>
</arc>
<arc id="P1 to T7" source="P01" target="T07">
<graphics/>
<inscription>
<value>Default,1</value>
<graphics/>
</inscription>
<tagged>
<value>false</value>
</tagged>
<arcpath id="000" x="365" y="129" curvePoint="false"/>
<arcpath id="001" x="431" y="216" curvePoint="false"/>
<type value="normal"/>
</arc>
<arc id="P2 to T10" source="P02" target="T10">
<graphics/>
<inscription>
<value>Default,1</value>
<graphics/>
</inscription>
<tagged>
<value>false</value>
</tagged>
<arcpath id="000" x="751" y="131" curvePoint="false"/>
<arcpath id="001" x="776" y="216" curvePoint="false"/>
<type value="normal"/>
</arc>
<arc id="P2 to T11" source="P02" target="T11">
<graphics/>
<inscription>
<value>Default,1</value>
<graphics/>
</inscription>
<tagged>
<value>false</value>
</tagged>
<arcpath id="000" x="756" y="128" curvePoint="false"/>
<arcpath id="001" x="836" y="216" curvePoint="false"/>
<type value="normal"/>
</arc>
<arc id="P2 to T2" source="P02" target="T02">
<graphics/>
<inscription>
<value>Default,1</value>
<graphics/>
</inscription>
<tagged>
<value>false</value>
</tagged>
<arcpath id="000" x="761" y="117" curvePoint="false"/>
<arcpath id="001" x="906" y="117" curvePoint="false"/>
<type value="normal"/>
</arc>
<arc id="P2 to T8" source="P02" target="T08">
<graphics/>
<inscription>
<value>Default,1</value>
<graphics/>
</inscription>
<tagged>
<value>false</value>
</tagged>
<arcpath id="000" x="736" y="128" curvePoint="false"/>
<arcpath id="001" x="656" y="216" curvePoint="false"/>
<type value="normal"/>
</arc>
<arc id="P2 to T9" source="P02" target="T09">
<graphics/>
<inscription>
<value>Default,1</value>
<graphics/>
</inscription>
<tagged>
<value>false</value>
</tagged>
<arcpath id="000" x="742" y="131" curvePoint="false"/>
<arcpath id="001" x="716" y="216" curvePoint="false"/>
<type value="normal"/>
</arc>
<arc id="P3 to T12" source="P03" target="T12">
<graphics/>
<inscription>
<value>Default,1</value>
<graphics/>
</inscription>
<tagged>
<value>false</value>
</tagged>
<arcpath id="000" x="1141" y="127" curvePoint="false"/>
<arcpath id="001" x="1046" y="216" curvePoint="false"/>
<type value="normal"/>
</arc>
<arc id="P3 to T13" source="P03" target="T13">
<graphics/>
<inscription>
<value>Default,1</value>
<graphics/>
</inscription>
<tagged>
<value>false</value>
</tagged>
<arcpath id="000" x="1145" y="130" curvePoint="false"/>
<arcpath id="001" x="1106" y="216" curvePoint="false"/>
<type value="normal"/>
</arc>
<arc id="P3 to T14" source="P03" target="T14">
<graphics/>
<inscription>
<value>Default,1</value>
<graphics/>
</inscription>
<tagged>
<value>false</value>
</tagged>
<arcpath id="000" x="1154" y="131" curvePoint="false"/>
<arcpath id="001" x="1166" y="216" curvePoint="false"/>
<type value="normal"/>
</arc>
<arc id="P3 to T15" source="P03" target="T15">
<graphics/>
<inscription>
<value>Default,1</value>
<graphics/>
</inscription>
<tagged>
<value>false</value>
</tagged>
<arcpath id="000" x="1160" y="129" curvePoint="false"/>
<arcpath id="001" x="1226" y="216" curvePoint="false"/>
<type value="normal"/>
</arc>
<arc id="P3 to T3" source="P03" target="T03">
<graphics/>
<inscription>
<value>Default,1</value>
<graphics/>
</inscription>
<tagged>
<value>false</value>
</tagged>
<arcpath id="000" x="1166" y="117" curvePoint="false"/>
<arcpath id="001" x="1266" y="117" curvePoint="false"/>
<type value="normal"/>
</arc>
<arc id="P4 to T16" source="P04" target="T16">
<graphics/>
<inscription>
<value>Default,1</value>
<graphics/>
</inscription>
<tagged>
<value>false</value>
</tagged>
<arcpath id="000" x="251" y="326" curvePoint="false"/>
<arcpath id="001" x="251" y="381" curvePoint="false"/>
<type value="normal"/>
</arc>
<arc id="P5 to T17" source="P05" target="T17">
<graphics/>
<inscription>
<value>Default,1</value>
<graphics/>
</inscription>
<tagged>
<value>false</value>
</tagged>
<arcpath id="000" x="311" y="326" curvePoint="false"/>
<arcpath id="001" x="311" y="381" curvePoint="false"/>
<type value="normal"/>
</arc>
<arc id="P6 to T18" source="P06" target="T18">
<graphics/>
<inscription>
<value>Default,1</value>
<graphics/>
</inscription>
<tagged>
<value>false</value>
</tagged>
<arcpath id="000" x="371" y="326" curvePoint="false"/>
<arcpath id="001" x="371" y="381" curvePoint="false"/>
<type value="normal"/>
</arc>
<arc id="P7 to T19" source="P07" target="T19">
<graphics/>
<inscription>
<value>Default,1</value>
<graphics/>
</inscription>
<tagged>
<value>false</value>
</tagged>
<arcpath id="000" x="431" y="326" curvePoint="false"/>
<arcpath id="001" x="431" y="381" curvePoint="false"/>
<type value="normal"/>
</arc>
<arc id="P8 to T20" source="P08" target="T20">
<graphics/>
<inscription>
<value>Default,1</value>
<graphics/>
</inscription>
<tagged>
<value>false</value>
</tagged>
<arcpath id="000" x="656" y="326" curvePoint="false"/>
<arcpath id="001" x="656" y="381" curvePoint="false"/>
<type value="normal"/>
</arc>
<arc id="P9 to T21" source="P09" target="T21">
<graphics/>
<inscription>
<value>Default,1</value>
<graphics/>
</inscription>
<tagged>
<value>false</value>
</tagged>
<arcpath id="000" x="716" y="326" curvePoint="false"/>
<arcpath id="001" x="716" y="381" curvePoint="false"/>
<type value="normal"/>
</arc>
<arc id="T10 to P10" source="T10" target="P10">
<graphics/>
<inscription>
<value>Default,1</value>
<graphics/>
</inscription>
<tagged>
<value>false</value>
</tagged>
<arcpath id="000" x="776" y="226" curvePoint="false"/>
<arcpath id="001" x="776" y="297" curvePoint="false"/>
<type value="normal"/>
</arc>
<arc id="T11 to P11" source="T11" target="P11">
<graphics/>
<inscription>
<value>Default,1</value>
<graphics/>
</inscription>
<tagged>
<value>false</value>
</tagged>
<arcpath id="000" x="836" y="226" curvePoint="false"/>
<arcpath id="001" x="836" y="297" curvePoint="false"/>
<type value="normal"/>
</arc>
<arc id="T12 to P12" source="T12" target="P12">
<graphics/>
<inscription>
<value>Default,1</value>
<graphics/>
</inscription>
<tagged>
<value>false</value>
</tagged>
<arcpath id="000" x="1046" y="226" curvePoint="false"/>
<arcpath id="001" x="1046" y="297" curvePoint="false"/>
<type value="normal"/>
</arc>
<arc id="T13 to P13" source="T13" target="P13">
<graphics/>
<inscription>
<value>Default,1</value>
<graphics/>
</inscription>
<tagged>
<value>false</value>
</tagged>
<arcpath id="000" x="1106" y="226" curvePoint="false"/>
<arcpath id="001" x="1106" y="297" curvePoint="false"/>
<type value="normal"/>
</arc>
<arc id="T14 to P14" source="T14" target="P14">
<graphics/>
<inscription>
<value>Default,1</value>
<graphics/>
</inscription>
<tagged>
<value>false</value>
</tagged>
<arcpath id="000" x="1166" y="226" curvePoint="false"/>
<arcpath id="001" x="1166" y="297" curvePoint="false"/>
<type value="normal"/>
</arc>
<arc id="T15 to P15" source="T15" target="P15">
<graphics/>
<inscription>
<value>Default,1</value>
<graphics/>
</inscription>
<tagged>
<value>false</value>
</tagged>
<arcpath id="000" x="1226" y="226" curvePoint="false"/>
<arcpath id="001" x="1226" y="297" curvePoint="false"/>
<type value="normal"/>
</arc>
<arc id="T16 to P1" source="T16" target="P01">
<graphics/>
<inscription>
<value>Default,1</value>
<graphics/>
</inscription>
<tagged>
<value>false</value>
</tagged>
<arcpath id="000" x="251" y="391" curvePoint="false"/>
<arcpath id="001" x="251" y="436" curvePoint="false"/>
<arcpath id="002" x="173" y="430" curvePoint="false"/>
<arcpath id="003" x="178" y="180" curvePoint="false"/>
<arcpath id="004" x="342" y="121" curvePoint="false"/>
<type value="normal"/>
</arc>
<arc id="T17 to P1" source="T17" target="P01">
<graphics/>
<inscription>
<value>Default,1</value>
<graphics/>
</inscription>
<tagged>
<value>false</value>
</tagged>
<arcpath id="000" x="311" y="391" curvePoint="false"/>
<arcpath id="001" x="308" y="451" curvePoint="false"/>
<arcpath id="002" x="146" y="449" curvePoint="false"/>
<arcpath id="003" x="159" y="171" curvePoint="false"/>
<arcpath id="004" x="342" y="120" curvePoint="false"/>
<type value="normal"/>
</arc>
<arc id="T18 to P1" source="T18" target="P01">
<graphics/>
<inscription>
<value>Default,1</value>
<graphics/>
</inscription>
<tagged>
<value>false</value>
</tagged>
<arcpath id="000" x="371" y="391" curvePoint="false"/>
<arcpath id="001" x="380" y="466" curvePoint="false"/>
<arcpath id="002" x="126" y="460" curvePoint="false"/>
<arcpath id="003" x="138" y="156" curvePoint="false"/>
<arcpath id="004" x="342" y="119" curvePoint="false"/>
<type value="normal"/>
</arc>
<arc id="T19 to P1" source="T19" target="P01">
<graphics/>
<inscription>
<value>Default,1</value>
<graphics/>
</inscription>
<tagged>
<value>false</value>
</tagged>
<arcpath id="000" x="431" y="391" curvePoint="false"/>
<arcpath id="001" x="431" y="481" curvePoint="false"/>
<arcpath id="002" x="94" y="470" curvePoint="false"/>
<arcpath id="003" x="111" y="148" curvePoint="false"/>
<arcpath id="004" x="342" y="118" curvePoint="false"/>
<type value="normal"/>
</arc>
<arc id="T1 to P2" source="T01" target="P02">
<graphics/>
<inscription>
<value>Default,1</value>
<graphics/>
</inscription>
<tagged>
<value>false</value>
</tagged>
<arcpath id="000" x="556" y="117" curvePoint="false"/>
<arcpath id="001" x="732" y="117" curvePoint="false"/>
<type value="normal"/>
</arc>
<arc id="T20 to P2" source="T20" target="P02">
<graphics/>
<inscription>
<value>Default,1</value>
<graphics/>
</inscription>
<tagged>
<value>false</value>
</tagged>
<arcpath id="000" x="656" y="391" curvePoint="false"/>
<arcpath id="001" x="658" y="418" curvePoint="false"/>
<arcpath id="002" x="599" y="410" curvePoint="false"/>
<arcpath id="003" x="589" y="186" curvePoint="false"/>
<arcpath id="004" x="733" y="123" curvePoint="false"/>
<type value="normal"/>
</arc>
<arc id="T21 to P2" source="T21" target="P02">
<graphics/>
<inscription>
<value>Default,1</value>
<graphics/>
</inscription>
<tagged>
<value>false</value>
</tagged>
<arcpath id="000" x="716" y="391" curvePoint="false"/>
<arcpath id="001" x="714" y="426" curvePoint="false"/>
<arcpath id="002" x="586" y="420" curvePoint="false"/>
<arcpath id="003" x="578" y="169" curvePoint="false"/>
<arcpath id="004" x="732" y="121" curvePoint="false"/>
<type value="normal"/>
</arc>
<arc id="T22 to P2" source="T22" target="P02">
<graphics/>
<inscription>
<value>Default,1</value>
<graphics/>
</inscription>
<tagged>
<value>false</value>
</tagged>
<arcpath id="000" x="776" y="391" curvePoint="false"/>
<arcpath id="001" x="770" y="446" curvePoint="false"/>
<arcpath id="002" x="569" y="430" curvePoint="false"/>
<arcpath id="003" x="566" y="156" curvePoint="false"/>
<arcpath id="004" x="732" y="120" curvePoint="false"/>
<type value="normal"/>
</arc>
<arc id="T23 to P2" source="T23" target="P02">
<graphics/>
<inscription>
<value>Default,1</value>
<graphics/>
</inscription>
<tagged>
<value>false</value>
</tagged>
<arcpath id="000" x="836" y="391" curvePoint="false"/>
<arcpath id="001" x="841" y="463" curvePoint="false"/>
<arcpath id="002" x="538" y="443" curvePoint="false"/>
<arcpath id="003" x="546" y="144" curvePoint="false"/>
<arcpath id="004" x="732" y="118" curvePoint="false"/>
<type value="normal"/>
</arc>
<arc id="T24 to P3" source="T24" target="P03">
<graphics/>
<inscription>
<value>Default,1</value>
<graphics/>
</inscription>
<tagged>
<value>false</value>
</tagged>
<arcpath id="000" x="1046" y="391" curvePoint="false"/>
<arcpath id="001" x="1054" y="425" curvePoint="false"/>
<arcpath id="002" x="988" y="426" curvePoint="false"/>
<arcpath id="003" x="996" y="199" curvePoint="false"/>
<arcpath id="004" x="1138" y="123" curvePoint="false"/>
<type value="normal"/>
</arc>
<arc id="T25 to P3" source="T25" target="P03">
<graphics/>
<inscription>
<value>Default,1</value>
<graphics/>
</inscription>
<tagged>
<value>false</value>
</tagged>
<arcpath id="000" x="1106" y="391" curvePoint="false"/>
<arcpath id="001" x="1106" y="443" curvePoint="false"/>
<arcpath id="002" x="963" y="445" curvePoint="false"/>
<arcpath id="003" x="970" y="193" curvePoint="false"/>
<arcpath id="004" x="1138" y="122" curvePoint="false"/>
<type value="normal"/>
</arc>
<arc id="T26 to P3" source="T26" target="P03">
<graphics/>
<inscription>
<value>Default,1</value>
<graphics/>
</inscription>
<tagged>
<value>false</value>
</tagged>
<arcpath id="000" x="1166" y="391" curvePoint="false"/>
<arcpath id="001" x="1158" y="455" curvePoint="false"/>
<arcpath id="002" x="938" y="465" curvePoint="false"/>
<arcpath id="003" x="949" y="178" curvePoint="false"/>
<arcpath id="004" x="1137" y="121" curvePoint="false"/>
<type value="normal"/>
</arc>
<arc id="T27 to P3" source="T27" target="P03">
<graphics/>
<inscription>
<value>Default,1</value>
<graphics/>
</inscription>
<tagged>
<value>false</value>
</tagged>
<arcpath id="000" x="1226" y="391" curvePoint="false"/>
<arcpath id="001" x="1221" y="476" curvePoint="false"/>
<arcpath id="002" x="921" y="481" curvePoint="false"/>
<arcpath id="003" x="926" y="154" curvePoint="false"/>
<arcpath id="004" x="1137" y="119" curvePoint="false"/>
<type value="normal"/>
</arc>
<arc id="T2 to P3" source="T02" target="P03">
<graphics/>
<inscription>
<value>Default,1</value>
<graphics/>
</inscription>
<tagged>
<value>false</value>
</tagged>
<arcpath id="000" x="916" y="117" curvePoint="false"/>
<arcpath id="001" x="1137" y="117" curvePoint="false"/>
<type value="normal"/>
</arc>
<arc id="T3 to P1" source="T03" target="P01">
<graphics/>
<inscription>
<value>Default,1</value>
<graphics/>
</inscription>
<tagged>
<value>false</value>
</tagged>
<arcpath id="000" x="1272" y="102" curvePoint="false"/>
<arcpath id="001" x="1276" y="46" curvePoint="false"/>
<arcpath id="002" x="366" y="49" curvePoint="false"/>
<arcpath id="003" x="358" y="102" curvePoint="false"/>
<type value="normal"/>
</arc>
<arc id="T4 to P4" source="T04" target="P04">
<graphics/>
<inscription>
<value>Default,1</value>
<graphics/>
</inscription>
<tagged>
<value>false</value>
</tagged>
<arcpath id="000" x="251" y="226" curvePoint="false"/>
<arcpath id="001" x="251" y="297" curvePoint="false"/>
<type value="normal"/>
</arc>
<arc id="T5 to P5" source="T05" target="P05">
<graphics/>
<inscription>
<value>Default,1</value>
<graphics/>
</inscription>
<tagged>
<value>false</value>
</tagged>
<arcpath id="000" x="311" y="226" curvePoint="false"/>
<arcpath id="001" x="311" y="297" curvePoint="false"/>
<type value="normal"/>
</arc>
<arc id="T6 to P6" source="T06" target="P06">
<graphics/>
<inscription>
<value>Default,1</value>
<graphics/>
</inscription>
<tagged>
<value>false</value>
</tagged>
<arcpath id="000" x="371" y="226" curvePoint="false"/>
<arcpath id="001" x="371" y="297" curvePoint="false"/>
<type value="normal"/>
</arc>
<arc id="T7 to P7" source="T07" target="P07">
<graphics/>
<inscription>
<value>Default,1</value>
<graphics/>
</inscription>
<tagged>
<value>false</value>
</tagged>
<arcpath id="000" x="431" y="226" curvePoint="false"/>
<arcpath id="001" x="431" y="297" curvePoint="false"/>
<type value="normal"/>
</arc>
<arc id="T8 to P8" source="T08" target="P08">
<graphics/>
<inscription>
<value>Default,1</value>
<graphics/>
</inscription>
<tagged>
<value>false</value>
</tagged>
<arcpath id="000" x="656" y="226" curvePoint="false"/>
<arcpath id="001" x="656" y="297" curvePoint="false"/>
<type value="normal"/>
</arc>
<arc id="T9 to P9" source="T09" target="P09">
<graphics/>
<inscription>
<value>Default,1</value>
<graphics/>
</inscription>
<tagged>
<value>false</value>
</tagged>
<arcpath id="000" x="716" y="226" curvePoint="false"/>
<arcpath id="001" x="716" y="297" curvePoint="false"/>
<type value="normal"/>
</arc>
</net>
</pnml>
