<?xml version="1.0" encoding="ISO-8859-1"?><pnml>
<net id="Net-One" type="P/T net">
<token id="Default" enabled="true" red="0" green="0" blue="0"/>
<place id="P01">
<graphics>
<position x="435.0" y="105.0"/>
</graphics>
<name>
<value>P01</value>
<graphics>
<offset x="0.0" y="0.0"/>
</graphics>
</name>
<initialMarking>
<value>Default,1</value>
<graphics>
<offset x="0.0" y="0.0"/>
</graphics>
</initialMarking>
<capacity>
<value>0</value>
</capacity>
</place>
<place id="P02">
<graphics>
<position x="1035.0" y="105.0"/>
</graphics>
<name>
<value>P02</value>
<graphics>
<offset x="0.0" y="0.0"/>
</graphics>
</name>
<initialMarking>
<value>Default,0</value>
<graphics>
<offset x="0.0" y="0.0"/>
</graphics>
</initialMarking>
<capacity>
<value>0</value>
</capacity>
</place>
<place id="P03">
<graphics>
<position x="1755.0" y="105.0"/>
</graphics>
<name>
<value>P03</value>
<graphics>
<offset x="0.0" y="0.0"/>
</graphics>
</name>
<initialMarking>
<value>Default,0</value>
<graphics>
<offset x="0.0" y="0.0"/>
</graphics>
</initialMarking>
<capacity>
<value>0</value>
</capacity>
</place>
<place id="P04">
<graphics>
<position x="258.3333333333333" y="300.0"/>
</graphics>
<name>
<value>P04</value>
<graphics>
<offset x="7.500000000000001" y="-8.333333333333332"/>
</graphics>
</name>
<initialMarking>
<value>Default,0</value>
<graphics>
<offset x="0.0" y="0.0"/>
</graphics>
</initialMarking>
<capacity>
<value>0</value>
</capacity>
</place>
<place id="P05">
<graphics>
<position x="363.3333333333333" y="300.0"/>
</graphics>
<name>
<value>P05</value>
<graphics>
<offset x="14.444444444444443" y="-7.777777777777777"/>
</graphics>
</name>
<initialMarking>
<value>Default,0</value>
<graphics>
<offset x="0.0" y="0.0"/>
</graphics>
</initialMarking>
<capacity>
<value>0</value>
</capacity>
</place>
<place id="P06">
<graphics>
<position x="483.3333333333333" y="300.0"/>
</graphics>
<name>
<value>P06</value>
<graphics>
<offset x="0.0" y="0.0"/>
</graphics>
</name>
<initialMarking>
<value>Default,0</value>
<graphics>
<offset x="0.0" y="0.0"/>
</graphics>
</initialMarking>
<capacity>
<value>0</value>
</capacity>
</place>
<place id="P07">
<graphics>
<position x="603.3333333333334" y="300.0"/>
</graphics>
<name>
<value>P07</value>
<graphics>
<offset x="0.0" y="0.0"/>
</graphics>
</name>
<initialMarking>
<value>Default,0</value>
<graphics>
<offset x="0.0" y="0.0"/>
</graphics>
</initialMarking>
<capacity>
<value>0</value>
</capacity>
</place>
<place id="P08">
<graphics>
<position x="888.3333333333333" y="300.0"/>
</graphics>
<name>
<value>P08</value>
<graphics>
<offset x="0.0" y="0.0"/>
</graphics>
</name>
<initialMarking>
<value>Default,0</value>
<graphics>
<offset x="0.0" y="0.0"/>
</graphics>
</initialMarking>
<capacity>
<value>0</value>
</capacity>
</place>
<place id="P09">
<graphics>
<position x="993.3333333333333" y="300.0"/>
</graphics>
<name>
<value>P09</value>
<graphics>
<offset x="52.22222222222226" y="-2.2222222222222223"/>
</graphics>
</name>
<initialMarking>
<value>Default,0</value>
<graphics>
<offset x="0.0" y="0.0"/>
</graphics>
</initialMarking>
<capacity>
<value>0</value>
</capacity>
</place>
<place id="P10">
<graphics>
<position x="1113.3333333333335" y="300.0"/>
</graphics>
<name>
<value>P10</value>
<graphics>
<offset x="12.727272727272723" y="0.0"/>
</graphics>
</name>
<initialMarking>
<value>Default,0</value>
<graphics>
<offset x="0.0" y="0.0"/>
</graphics>
</initialMarking>
<capacity>
<value>0</value>
</capacity>
</place>
<place id="P11">
<graphics>
<position x="1233.3333333333333" y="300.0"/>
</graphics>
<name>
<value>P11</value>
<graphics>
<offset x="0.0" y="0.0"/>
</graphics>
</name>
<initialMarking>
<value>Default,0</value>
<graphics>
<offset x="0.0" y="0.0"/>
</graphics>
</initialMarking>
<capacity>
<value>0</value>
</capacity>
</place>
<place id="P12">
<graphics>
<position x="1503.3333333333333" y="300.0"/>
</graphics>
<name>
<value>P12</value>
<graphics>
<offset x="12.727272727272725" y="-2.727272727272727"/>
</graphics>
</name>
<initialMarking>
<value>Default,0</value>
<graphics>
<offset x="0.0" y="0.0"/>
</graphics>
</initialMarking>
<capacity>
<value>0</value>
</capacity>
</place>
<place id="P13">
<graphics>
<position x="1638.3333333333333" y="300.0"/>
</graphics>
<name>
<value>P13</value>
<graphics>
<offset x="0.0" y="0.0"/>
</graphics>
</name>
<initialMarking>
<value>Default,0</value>
<graphics>
<offset x="0.0" y="0.0"/>
</graphics>
</initialMarking>
<capacity>
<value>0</value>
</capacity>
</place>
<place id="P14">
<graphics>
<position x="1773.3333333333333" y="300.0"/>
</graphics>
<name>
<value>P14</value>
<graphics>
<offset x="0.0" y="0.0"/>
</graphics>
</name>
<initialMarking>
<value>Default,0</value>
<graphics>
<offset x="0.0" y="0.0"/>
</graphics>
</initialMarking>
<capacity>
<value>0</value>
</capacity>
</place>
<place id="P15">
<graphics>
<position x="1923.3333333333333" y="300.0"/>
</graphics>
<name>
<value>P15</value>
<graphics>
<offset x="0.0" y="0.0"/>
</graphics>
</name>
<initialMarking>
<value>Default,0</value>
<graphics>
<offset x="0.0" y="0.0"/>
</graphics>
</initialMarking>
<capacity>
<value>0</value>
</capacity>
</place>
<place id="P16">
<graphics>
<position x="973.3333333333333" y="671.6666666666666"/>
</graphics>
<name>
<value>P16</value>
<graphics>
<offset x="9.15151515151515" y="-6.606060606060608"/>
</graphics>
</name>
<initialMarking>
<value>Default,1</value>
<graphics>
<offset x="0.0" y="0.0"/>
</graphics>
</initialMarking>
<capacity>
<value>0</value>
</capacity>
</place>
<place id="P17">
<graphics>
<position x="1063.3333333333335" y="671.6666666666666"/>
</graphics>
<name>
<value>P17</value>
<graphics>
<offset x="31.06060606060607" y="-15.151515151515149"/>
</graphics>
</name>
<initialMarking>
<value>Default,0</value>
<graphics>
<offset x="0.0" y="0.0"/>
</graphics>
</initialMarking>
<capacity>
<value>0</value>
</capacity>
</place>
<transition id="T01">
<graphics>
<position x="630.0" y="105.0"/>
</graphics>
<name>
<value>T01</value>
<graphics>
<offset x="-5.0" y="35.0"/>
</graphics>
</name>
<orientation>
<value>0</value>
</orientation>
<rate>
<value>1.0</value>
</rate>
<timed>
<value>false</value>
</timed>
<infiniteServer>
<value>false</value>
</infiniteServer>
<priority>
<value>1</value>
</priority>
</transition>
<transition id="T02">
<graphics>
<position x="1320.0" y="105.0"/>
</graphics>
<name>
<value>T02</value>
<graphics>
<offset x="-5.0" y="35.0"/>
</graphics>
</name>
<orientation>
<value>0</value>
</orientation>
<rate>
<value>1.0</value>
</rate>
<timed>
<value>false</value>
</timed>
<infiniteServer>
<value>false</value>
</infiniteServer>
<priority>
<value>1</value>
</priority>
</transition>
<transition id="T03">
<graphics>
<position x="1875.0" y="105.0"/>
</graphics>
<name>
<value>T03</value>
<graphics>
<offset x="-5.0" y="35.0"/>
</graphics>
</name>
<orientation>
<value>0</value>
</orientation>
<rate>
<value>1.0</value>
</rate>
<timed>
<value>false</value>
</timed>
<infiniteServer>
<value>false</value>
</infiniteServer>
<priority>
<value>1</value>
</priority>
</transition>
<transition id="T04">
<graphics>
<position x="255.0" y="210.0"/>
</graphics>
<name>
<value>T04</value>
<graphics>
<offset x="-5.0" y="35.0"/>
</graphics>
</name>
<orientation>
<value>90</value>
</orientation>
<rate>
<value>1.0</value>
</rate>
<timed>
<value>false</value>
</timed>
<infiniteServer>
<value>false</value>
</infiniteServer>
<priority>
<value>1</value>
</priority>
</transition>
<transition id="T05">
<graphics>
<position x="360.0" y="210.0"/>
</graphics>
<name>
<value>T05</value>
<graphics>
<offset x="-5.0" y="35.0"/>
</graphics>
</name>
<orientation>
<value>90</value>
</orientation>
<rate>
<value>1.0</value>
</rate>
<timed>
<value>false</value>
</timed>
<infiniteServer>
<value>false</value>
</infiniteServer>
<priority>
<value>1</value>
</priority>
</transition>
<transition id="T06">
<graphics>
<position x="480.0" y="210.0"/>
</graphics>
<name>
<value>T06</value>
<graphics>
<offset x="-5.0" y="35.0"/>
</graphics>
</name>
<orientation>
<value>90</value>
</orientation>
<rate>
<value>1.0</value>
</rate>
<timed>
<value>false</value>
</timed>
<infiniteServer>
<value>false</value>
</infiniteServer>
<priority>
<value>1</value>
</priority>
</transition>
<transition id="T07">
<graphics>
<position x="600.0" y="210.0"/>
</graphics>
<name>
<value>T07</value>
<graphics>
<offset x="-5.0" y="35.0"/>
</graphics>
</name>
<orientation>
<value>90</value>
</orientation>
<rate>
<value>1.0</value>
</rate>
<timed>
<value>false</value>
</timed>
<infiniteServer>
<value>false</value>
</infiniteServer>
<priority>
<value>1</value>
</priority>
</transition>
<transition id="T08">
<graphics>
<position x="885.0" y="210.0"/>
</graphics>
<name>
<value>T08</value>
<graphics>
<offset x="-5.0" y="35.0"/>
</graphics>
</name>
<orientation>
<value>90</value>
</orientation>
<rate>
<value>1.0</value>
</rate>
<timed>
<value>false</value>
</timed>
<infiniteServer>
<value>false</value>
</infiniteServer>
<priority>
<value>1</value>
</priority>
</transition>
<transition id="T09">
<graphics>
<position x="990.0" y="210.0"/>
</graphics>
<name>
<value>T09</value>
<graphics>
<offset x="-5.0" y="35.0"/>
</graphics>
</name>
<orientation>
<value>90</value>
</orientation>
<rate>
<value>1.0</value>
</rate>
<timed>
<value>false</value>
</timed>
<infiniteServer>
<value>false</value>
</infiniteServer>
<priority>
<value>1</value>
</priority>
</transition>
<transition id="T10">
<graphics>
<position x="1110.0" y="210.0"/>
</graphics>
<name>
<value>T10</value>
<graphics>
<offset x="-5.0" y="35.0"/>
</graphics>
</name>
<orientation>
<value>90</value>
</orientation>
<rate>
<value>1.0</value>
</rate>
<timed>
<value>false</value>
</timed>
<infiniteServer>
<value>false</value>
</infiniteServer>
<priority>
<value>1</value>
</priority>
</transition>
<transition id="T11">
<graphics>
<position x="1230.0" y="210.0"/>
</graphics>
<name>
<value>T11</value>
<graphics>
<offset x="-5.0" y="35.0"/>
</graphics>
</name>
<orientation>
<value>90</value>
</orientation>
<rate>
<value>1.0</value>
</rate>
<timed>
<value>false</value>
</timed>
<infiniteServer>
<value>false</value>
</infiniteServer>
<priority>
<value>1</value>
</priority>
</transition>
<transition id="T12">
<graphics>
<position x="1500.0" y="210.0"/>
</graphics>
<name>
<value>T12</value>
<graphics>
<offset x="-5.0" y="35.0"/>
</graphics>
</name>
<orientation>
<value>90</value>
</orientation>
<rate>
<value>1.0</value>
</rate>
<timed>
<value>false</value>
</timed>
<infiniteServer>
<value>false</value>
</infiniteServer>
<priority>
<value>1</value>
</priority>
</transition>
<transition id="T13">
<graphics>
<position x="1635.0" y="210.0"/>
</graphics>
<name>
<value>T13</value>
<graphics>
<offset x="-5.0" y="35.0"/>
</graphics>
</name>
<orientation>
<value>90</value>
</orientation>
<rate>
<value>1.0</value>
</rate>
<timed>
<value>false</value>
</timed>
<infiniteServer>
<value>false</value>
</infiniteServer>
<priority>
<value>1</value>
</priority>
</transition>
<transition id="T14">
<graphics>
<position x="1770.0" y="210.0"/>
</graphics>
<name>
<value>T14</value>
<graphics>
<offset x="-5.0" y="35.0"/>
</graphics>
</name>
<orientation>
<value>90</value>
</orientation>
<rate>
<value>1.0</value>
</rate>
<timed>
<value>false</value>
</timed>
<infiniteServer>
<value>false</value>
</infiniteServer>
<priority>
<value>1</value>
</priority>
</transition>
<transition id="T15">
<graphics>
<position x="1920.0" y="210.0"/>
</graphics>
<name>
<value>T15</value>
<graphics>
<offset x="-5.0" y="35.0"/>
</graphics>
</name>
<orientation>
<value>90</value>
</orientation>
<rate>
<value>1.0</value>
</rate>
<timed>
<value>false</value>
</timed>
<infiniteServer>
<value>false</value>
</infiniteServer>
<priority>
<value>1</value>
</priority>
</transition>
<transition id="T16">
<graphics>
<position x="255.0" y="375.0"/>
</graphics>
<name>
<value>T16</value>
<graphics>
<offset x="-5.0" y="35.0"/>
</graphics>
</name>
<orientation>
<value>90</value>
</orientation>
<rate>
<value>1.0</value>
</rate>
<timed>
<value>false</value>
</timed>
<infiniteServer>
<value>false</value>
</infiniteServer>
<priority>
<value>1</value>
</priority>
</transition>
<transition id="T17">
<graphics>
<position x="360.0" y="375.0"/>
</graphics>
<name>
<value>T17</value>
<graphics>
<offset x="-5.0" y="35.0"/>
</graphics>
</name>
<orientation>
<value>90</value>
</orientation>
<rate>
<value>1.0</value>
</rate>
<timed>
<value>false</value>
</timed>
<infiniteServer>
<value>false</value>
</infiniteServer>
<priority>
<value>1</value>
</priority>
</transition>
<transition id="T18">
<graphics>
<position x="480.0" y="375.0"/>
</graphics>
<name>
<value>T18</value>
<graphics>
<offset x="-5.0" y="35.0"/>
</graphics>
</name>
<orientation>
<value>90</value>
</orientation>
<rate>
<value>1.0</value>
</rate>
<timed>
<value>false</value>
</timed>
<infiniteServer>
<value>false</value>
</infiniteServer>
<priority>
<value>1</value>
</priority>
</transition>
<transition id="T19">
<graphics>
<position x="600.0" y="375.0"/>
</graphics>
<name>
<value>T19</value>
<graphics>
<offset x="-5.0" y="35.0"/>
</graphics>
</name>
<orientation>
<value>90</value>
</orientation>
<rate>
<value>1.0</value>
</rate>
<timed>
<value>false</value>
</timed>
<infiniteServer>
<value>false</value>
</infiniteServer>
<priority>
<value>1</value>
</priority>
</transition>
<transition id="T20">
<graphics>
<position x="885.0" y="375.0"/>
</graphics>
<name>
<value>T20</value>
<graphics>
<offset x="-5.0" y="35.0"/>
</graphics>
</name>
<orientation>
<value>90</value>
</orientation>
<rate>
<value>1.0</value>
</rate>
<timed>
<value>false</value>
</timed>
<infiniteServer>
<value>false</value>
</infiniteServer>
<priority>
<value>1</value>
</priority>
</transition>
<transition id="T21">
<graphics>
<position x="990.0" y="375.0"/>
</graphics>
<name>
<value>T21</value>
<graphics>
<offset x="-5.0" y="35.0"/>
</graphics>
</name>
<orientation>
<value>90</value>
</orientation>
<rate>
<value>1.0</value>
</rate>
<timed>
<value>false</value>
</timed>
<infiniteServer>
<value>false</value>
</infiniteServer>
<priority>
<value>1</value>
</priority>
</transition>
<transition id="T22">
<graphics>
<position x="1110.0" y="375.0"/>
</graphics>
<name>
<value>T22</value>
<graphics>
<offset x="-5.0" y="35.0"/>
</graphics>
</name>
<orientation>
<value>90</value>
</orientation>
<rate>
<value>1.0</value>
</rate>
<timed>
<value>false</value>
</timed>
<infiniteServer>
<value>false</value>
</infiniteServer>
<priority>
<value>1</value>
</priority>
</transition>
<transition id="T23">
<graphics>
<position x="1230.0" y="375.0"/>
</graphics>
<name>
<value>T23</value>
<graphics>
<offset x="-5.0" y="35.0"/>
</graphics>
</name>
<orientation>
<value>90</value>
</orientation>
<rate>
<value>1.0</value>
</rate>
<timed>
<value>false</value>
</timed>
<infiniteServer>
<value>false</value>
</infiniteServer>
<priority>
<value>1</value>
</priority>
</transition>
<transition id="T24">
<graphics>
<position x="1500.0" y="375.0"/>
</graphics>
<name>
<value>T24</value>
<graphics>
<offset x="-5.0" y="35.0"/>
</graphics>
</name>
<orientation>
<value>90</value>
</orientation>
<rate>
<value>1.0</value>
</rate>
<timed>
<value>false</value>
</timed>
<infiniteServer>
<value>false</value>
</infiniteServer>
<priority>
<value>1</value>
</priority>
</transition>
<transition id="T25">
<graphics>
<position x="1635.0" y="375.0"/>
</graphics>
<name>
<value>T25</value>
<graphics>
<offset x="-5.0" y="35.0"/>
</graphics>
</name>
<orientation>
<value>90</value>
</orientation>
<rate>
<value>1.0</value>
</rate>
<timed>
<value>false</value>
</timed>
<infiniteServer>
<value>false</value>
</infiniteServer>
<priority>
<value>1</value>
</priority>
</transition>
<transition id="T26">
<graphics>
<position x="1770.0" y="375.0"/>
</graphics>
<name>
<value>T26</value>
<graphics>
<offset x="-5.0" y="35.0"/>
</graphics>
</name>
<orientation>
<value>90</value>
</orientation>
<rate>
<value>1.0</value>
</rate>
<timed>
<value>false</value>
</timed>
<infiniteServer>
<value>false</value>
</infiniteServer>
<priority>
<value>1</value>
</priority>
</transition>
<transition id="T27">
<graphics>
<position x="1920.0" y="375.0"/>
</graphics>
<name>
<value>T27</value>
<graphics>
<offset x="-5.0" y="35.0"/>
</graphics>
</name>
<orientation>
<value>90</value>
</orientation>
<rate>
<value>1.0</value>
</rate>
<timed>
<value>false</value>
</timed>
<infiniteServer>
<value>false</value>
</infiniteServer>
<priority>
<value>1</value>
</priority>
</transition>
<transition id="T28">
<graphics>
<position x="1018.3333333333333" y="776.6666666666666"/>
</graphics>
<name>
<value>T28</value>
<graphics>
<offset x="64.99999999999999" y="-7.222222222222225"/>
</graphics>
</name>
<orientation>
<value>90</value>
</orientation>
<rate>
<value>1.0</value>
</rate>
<timed>
<value>false</value>
</timed>
<infiniteServer>
<value>false</value>
</infiniteServer>
<priority>
<value>1</value>
</priority>
</transition>
<transition id="T29">
<graphics>
<position x="1018.3333333333333" y="566.6666666666666"/>
</graphics>
<name>
<value>T29</value>
<graphics>
<offset x="-5.0" y="35.0"/>
</graphics>
</name>
<orientation>
<value>90</value>
</orientation>
<rate>
<value>1.0</value>
</rate>
<timed>
<value>false</value>
</timed>
<infiniteServer>
<value>false</value>
</infiniteServer>
<priority>
<value>1</value>
</priority>
</transition>
<arc id="P10 to T22" source="P10" target="T22">
<graphics/>
<inscription>
<value>Default,1</value>
<graphics/>
</inscription>
<tagged>
<value>false</value>
</tagged>
<arcpath id="000" x="1123" y="325" curvePoint="false"/>
<arcpath id="001" x="1120" y="380" curvePoint="false"/>
<type value="normal"/>
</arc>
<arc id="P11 to T23" source="P11" target="T23">
<graphics/>
<inscription>
<value>Default,1</value>
<graphics/>
</inscription>
<tagged>
<value>false</value>
</tagged>
<arcpath id="000" x="1243" y="325" curvePoint="false"/>
<arcpath id="001" x="1240" y="380" curvePoint="false"/>
<type value="normal"/>
</arc>
<arc id="P12 to T24" source="P12" target="T24">
<graphics/>
<inscription>
<value>Default,1</value>
<graphics/>
</inscription>
<tagged>
<value>false</value>
</tagged>
<arcpath id="000" x="1513" y="325" curvePoint="false"/>
<arcpath id="001" x="1510" y="380" curvePoint="false"/>
<type value="normal"/>
</arc>
<arc id="P13 to T25" source="P13" target="T25">
<graphics/>
<inscription>
<value>Default,1</value>
<graphics/>
</inscription>
<tagged>
<value>false</value>
</tagged>
<arcpath id="000" x="1647" y="325" curvePoint="false"/>
<arcpath id="001" x="1644" y="380" curvePoint="false"/>
<type value="normal"/>
</arc>
<arc id="P14 to T26" source="P14" target="T26">
<graphics/>
<inscription>
<value>Default,1</value>
<graphics/>
</inscription>
<tagged>
<value>false</value>
</tagged>
<arcpath id="000" x="1783" y="325" curvePoint="false"/>
<arcpath id="001" x="1780" y="380" curvePoint="false"/>
<type value="normal"/>
</arc>
<arc id="P15 to T27" source="P15" target="T27">
<graphics/>
<inscription>
<value>Default,1</value>
<graphics/>
</inscription>
<tagged>
<value>false</value>
</tagged>
<arcpath id="000" x="1933" y="325" curvePoint="false"/>
<arcpath id="001" x="1930" y="380" curvePoint="false"/>
<type value="normal"/>
</arc>
<arc id="P16 to T28" source="P16" target="T28">
<graphics/>
<inscription>
<value>Default,1</value>
<graphics/>
</inscription>
<tagged>
<value>false</value>
</tagged>
<arcpath id="000" x="988" y="696" curvePoint="false"/>
<arcpath id="001" x="1023" y="782" curvePoint="false"/>
<type value="normal"/>
</arc>
<arc id="P17 to T29" source="P17" target="T29">
<graphics/>
<inscription>
<value>Default,1</value>
<graphics/>
</inscription>
<tagged>
<value>false</value>
</tagged>
<arcpath id="000" x="1067" y="668" curvePoint="false"/>
<arcpath id="001" x="1033" y="582" curvePoint="false"/>
<type value="normal"/>
</arc>
<arc id="P1 to T1" source="P01" target="T01">
<graphics/>
<inscription>
<value>Default,1</value>
<graphics/>
</inscription>
<tagged>
<value>false</value>
</tagged>
<arcpath id="000" x="461" y="115" curvePoint="false"/>
<arcpath id="001" x="635" y="116" curvePoint="false"/>
<type value="normal"/>
</arc>
<arc id="P1 to T4" source="P01" target="T04">
<graphics/>
<inscription>
<value>Default,1</value>
<graphics/>
</inscription>
<tagged>
<value>false</value>
</tagged>
<arcpath id="000" x="432" y="122" curvePoint="false"/>
<arcpath id="001" x="264" y="215" curvePoint="false"/>
<type value="normal"/>
</arc>
<arc id="P1 to T5" source="P01" target="T05">
<graphics/>
<inscription>
<value>Default,1</value>
<graphics/>
</inscription>
<tagged>
<value>false</value>
</tagged>
<arcpath id="000" x="436" y="127" curvePoint="false"/>
<arcpath id="001" x="370" y="215" curvePoint="false"/>
<type value="normal"/>
</arc>
<arc id="P1 to T6" source="P01" target="T06">
<graphics/>
<inscription>
<value>Default,1</value>
<graphics/>
</inscription>
<tagged>
<value>false</value>
</tagged>
<arcpath id="000" x="451" y="128" curvePoint="false"/>
<arcpath id="001" x="490" y="215" curvePoint="false"/>
<type value="normal"/>
</arc>
<arc id="P1 to T7" source="P01" target="T07">
<graphics/>
<inscription>
<value>Default,1</value>
<graphics/>
</inscription>
<tagged>
<value>false</value>
</tagged>
<arcpath id="000" x="458" y="123" curvePoint="false"/>
<arcpath id="001" x="610" y="215" curvePoint="false"/>
<type value="normal"/>
</arc>
<arc id="P2 to T10" source="P02" target="T10">
<graphics/>
<inscription>
<value>Default,1</value>
<graphics/>
</inscription>
<tagged>
<value>false</value>
</tagged>
<arcpath id="000" x="1054" y="127" curvePoint="false"/>
<arcpath id="001" x="1120" y="215" curvePoint="false"/>
<type value="normal"/>
</arc>
<arc id="P2 to T11" source="P02" target="T11">
<graphics/>
<inscription>
<value>Default,1</value>
<graphics/>
</inscription>
<tagged>
<value>false</value>
</tagged>
<arcpath id="000" x="1058" y="123" curvePoint="false"/>
<arcpath id="001" x="1225" y="221" curvePoint="false"/>
<type value="normal"/>
</arc>
<arc id="P2 to T2" source="P02" target="T02">
<graphics/>
<inscription>
<value>Default,1</value>
<graphics/>
</inscription>
<tagged>
<value>false</value>
</tagged>
<arcpath id="000" x="1061" y="115" curvePoint="false"/>
<arcpath id="001" x="1325" y="116" curvePoint="false"/>
<type value="normal"/>
</arc>
<arc id="P2 to T8" source="P02" target="T08">
<graphics/>
<inscription>
<value>Default,1</value>
<graphics/>
</inscription>
<tagged>
<value>false</value>
</tagged>
<arcpath id="000" x="1033" y="123" curvePoint="false"/>
<arcpath id="001" x="894" y="215" curvePoint="false"/>
<type value="normal"/>
</arc>
<arc id="P2 to T9" source="P02" target="T09">
<graphics/>
<inscription>
<value>Default,1</value>
<graphics/>
</inscription>
<tagged>
<value>false</value>
</tagged>
<arcpath id="000" x="1038" y="128" curvePoint="false"/>
<arcpath id="001" x="1000" y="215" curvePoint="false"/>
<type value="normal"/>
</arc>
<arc id="P3 to T12" source="P03" target="T12">
<graphics/>
<inscription>
<value>Default,1</value>
<graphics/>
</inscription>
<tagged>
<value>false</value>
</tagged>
<arcpath id="000" x="1752" y="121" curvePoint="false"/>
<arcpath id="001" x="1525" y="221" curvePoint="false"/>
<type value="normal"/>
</arc>
<arc id="P3 to T13" source="P03" target="T13">
<graphics/>
<inscription>
<value>Default,1</value>
<graphics/>
</inscription>
<tagged>
<value>false</value>
</tagged>
<arcpath id="000" x="1754" y="125" curvePoint="false"/>
<arcpath id="001" x="1644" y="215" curvePoint="false"/>
<type value="normal"/>
</arc>
<arc id="P3 to T14" source="P03" target="T14">
<graphics/>
<inscription>
<value>Default,1</value>
<graphics/>
</inscription>
<tagged>
<value>false</value>
</tagged>
<arcpath id="000" x="1767" y="130" curvePoint="false"/>
<arcpath id="001" x="1780" y="215" curvePoint="false"/>
<type value="normal"/>
</arc>
<arc id="P3 to T15" source="P03" target="T15">
<graphics/>
<inscription>
<value>Default,1</value>
<graphics/>
</inscription>
<tagged>
<value>false</value>
</tagged>
<arcpath id="000" x="1778" y="123" curvePoint="false"/>
<arcpath id="001" x="1930" y="215" curvePoint="false"/>
<type value="normal"/>
</arc>
<arc id="P3 to T3" source="P03" target="T03">
<graphics/>
<inscription>
<value>Default,1</value>
<graphics/>
</inscription>
<tagged>
<value>false</value>
</tagged>
<arcpath id="000" x="1781" y="115" curvePoint="false"/>
<arcpath id="001" x="1880" y="116" curvePoint="false"/>
<type value="normal"/>
</arc>
<arc id="P4 to T16" source="P04" target="T16">
<graphics/>
<inscription>
<value>Default,1</value>
<graphics/>
</inscription>
<tagged>
<value>false</value>
</tagged>
<arcpath id="000" x="267" y="325" curvePoint="false"/>
<arcpath id="001" x="264" y="380" curvePoint="false"/>
<type value="normal"/>
</arc>
<arc id="P5 to T17" source="P05" target="T17">
<graphics/>
<inscription>
<value>Default,1</value>
<graphics/>
</inscription>
<tagged>
<value>false</value>
</tagged>
<arcpath id="000" x="373" y="325" curvePoint="false"/>
<arcpath id="001" x="370" y="380" curvePoint="false"/>
<type value="normal"/>
</arc>
<arc id="P6 to T18" source="P06" target="T18">
<graphics/>
<inscription>
<value>Default,1</value>
<graphics/>
</inscription>
<tagged>
<value>false</value>
</tagged>
<arcpath id="000" x="493" y="325" curvePoint="false"/>
<arcpath id="001" x="490" y="380" curvePoint="false"/>
<type value="normal"/>
</arc>
<arc id="P7 to T19" source="P07" target="T19">
<graphics/>
<inscription>
<value>Default,1</value>
<graphics/>
</inscription>
<tagged>
<value>false</value>
</tagged>
<arcpath id="000" x="613" y="325" curvePoint="false"/>
<arcpath id="001" x="610" y="380" curvePoint="false"/>
<type value="normal"/>
</arc>
<arc id="P8 to T20" source="P08" target="T20">
<graphics/>
<inscription>
<value>Default,1</value>
<graphics/>
</inscription>
<tagged>
<value>false</value>
</tagged>
<arcpath id="000" x="897" y="325" curvePoint="false"/>
<arcpath id="001" x="894" y="380" curvePoint="false"/>
<type value="normal"/>
</arc>
<arc id="P9 to T21" source="P09" target="T21">
<graphics/>
<inscription>
<value>Default,1</value>
<graphics/>
</inscription>
<tagged>
<value>false</value>
</tagged>
<arcpath id="000" x="1003" y="325" curvePoint="false"/>
<arcpath id="001" x="1000" y="380" curvePoint="false"/>
<type value="normal"/>
</arc>
<arc id="T10 to P10" source="T10" target="P10">
<graphics/>
<inscription>
<value>Default,1</value>
<graphics/>
</inscription>
<tagged>
<value>false</value>
</tagged>
<arcpath id="000" x="1120" y="225" curvePoint="false"/>
<arcpath id="001" x="1123" y="295" curvePoint="false"/>
<type value="normal"/>
</arc>
<arc id="T11 to P11" source="T11" target="P11">
<graphics/>
<inscription>
<value>Default,1</value>
<graphics/>
</inscription>
<tagged>
<value>false</value>
</tagged>
<arcpath id="000" x="1240" y="225" curvePoint="false"/>
<arcpath id="001" x="1243" y="295" curvePoint="false"/>
<type value="normal"/>
</arc>
<arc id="T12 to P12" source="T12" target="P12">
<graphics/>
<inscription>
<value>Default,1</value>
<graphics/>
</inscription>
<tagged>
<value>false</value>
</tagged>
<arcpath id="000" x="1510" y="225" curvePoint="false"/>
<arcpath id="001" x="1513" y="295" curvePoint="false"/>
<type value="normal"/>
</arc>
<arc id="T13 to P13" source="T13" target="P13">
<graphics/>
<inscription>
<value>Default,1</value>
<graphics/>
</inscription>
<tagged>
<value>false</value>
</tagged>
<arcpath id="000" x="1645" y="225" curvePoint="false"/>
<arcpath id="001" x="1647" y="295" curvePoint="false"/>
<type value="normal"/>
</arc>
<arc id="T14 to P14" source="T14" target="P14">
<graphics/>
<inscription>
<value>Default,1</value>
<graphics/>
</inscription>
<tagged>
<value>false</value>
</tagged>
<arcpath id="000" x="1780" y="225" curvePoint="false"/>
<arcpath id="001" x="1783" y="295" curvePoint="false"/>
<type value="normal"/>
</arc>
<arc id="T15 to P15" source="T15" target="P15">
<graphics/>
<inscription>
<value>Default,1</value>
<graphics/>
</inscription>
<tagged>
<value>false</value>
</tagged>
<arcpath id="000" x="1930" y="225" curvePoint="false"/>
<arcpath id="001" x="1933" y="295" curvePoint="false"/>
<type value="normal"/>
</arc>
<arc id="T16 to P1" source="T16" target="P01">
<graphics/>
<inscription>
<value>Default,1</value>
<graphics/>
</inscription>
<tagged>
<value>false</value>
</tagged>
<arcpath id="000" x="265" y="390" curvePoint="false"/>
<arcpath id="001" x="262" y="436" curvePoint="false"/>
<arcpath id="002" x="200" y="430" curvePoint="false"/>
<arcpath id="003" x="205" y="180" curvePoint="false"/>
<arcpath id="004" x="431" y="118" curvePoint="false"/>
<type value="normal"/>
</arc>
<arc id="T17 to P1" source="T17" target="P01">
<graphics/>
<inscription>
<value>Default,1</value>
<graphics/>
</inscription>
<tagged>
<value>false</value>
</tagged>
<arcpath id="000" x="370" y="390" curvePoint="false"/>
<arcpath id="001" x="372" y="451" curvePoint="false"/>
<arcpath id="002" x="171" y="446" curvePoint="false"/>
<arcpath id="003" x="186" y="171" curvePoint="false"/>
<arcpath id="004" x="431" y="118" curvePoint="false"/>
<type value="normal"/>
</arc>
<arc id="T18 to P1" source="T18" target="P01">
<graphics/>
<inscription>
<value>Default,1</value>
<graphics/>
</inscription>
<tagged>
<value>false</value>
</tagged>
<arcpath id="000" x="490" y="390" curvePoint="false"/>
<arcpath id="001" x="501" y="466" curvePoint="false"/>
<arcpath id="002" x="151" y="460" curvePoint="false"/>
<arcpath id="003" x="165" y="156" curvePoint="false"/>
<arcpath id="004" x="431" y="117" curvePoint="false"/>
<type value="normal"/>
</arc>
<arc id="T19 to P1" source="T19" target="P01">
<graphics/>
<inscription>
<value>Default,1</value>
<graphics/>
</inscription>
<tagged>
<value>false</value>
</tagged>
<arcpath id="000" x="610" y="390" curvePoint="false"/>
<arcpath id="001" x="611" y="481" curvePoint="false"/>
<arcpath id="002" x="121" y="470" curvePoint="false"/>
<arcpath id="003" x="136" y="146" curvePoint="false"/>
<arcpath id="004" x="431" y="116" curvePoint="false"/>
<type value="normal"/>
</arc>
<arc id="T1 to P2" source="T01" target="P02">
<graphics/>
<inscription>
<value>Default,1</value>
<graphics/>
</inscription>
<tagged>
<value>false</value>
</tagged>
<arcpath id="000" x="645" y="115" curvePoint="false"/>
<arcpath id="001" x="1031" y="115" curvePoint="false"/>
<type value="normal"/>
</arc>
<arc id="T20 to P2" source="T20" target="P02">
<graphics/>
<inscription>
<value>Default,1</value>
<graphics/>
</inscription>
<tagged>
<value>false</value>
</tagged>
<arcpath id="000" x="895" y="390" curvePoint="false"/>
<arcpath id="001" x="891" y="416" curvePoint="false"/>
<arcpath id="002" x="832" y="410" curvePoint="false"/>
<arcpath id="003" x="822" y="186" curvePoint="false"/>
<arcpath id="004" x="1031" y="120" curvePoint="false"/>
<type value="normal"/>
</arc>
<arc id="T21 to P2" source="T21" target="P02">
<graphics/>
<inscription>
<value>Default,1</value>
<graphics/>
</inscription>
<tagged>
<value>false</value>
</tagged>
<arcpath id="000" x="1000" y="390" curvePoint="false"/>
<arcpath id="001" x="1001" y="426" curvePoint="false"/>
<arcpath id="002" x="820" y="420" curvePoint="false"/>
<arcpath id="003" x="811" y="166" curvePoint="false"/>
<arcpath id="004" x="1031" y="118" curvePoint="false"/>
<type value="normal"/>
</arc>
<arc id="T22 to P2" source="T22" target="P02">
<graphics/>
<inscription>
<value>Default,1</value>
<graphics/>
</inscription>
<tagged>
<value>false</value>
</tagged>
<arcpath id="000" x="1120" y="390" curvePoint="false"/>
<arcpath id="001" x="1112" y="446" curvePoint="false"/>
<arcpath id="002" x="802" y="430" curvePoint="false"/>
<arcpath id="003" x="800" y="156" curvePoint="false"/>
<arcpath id="004" x="1031" y="117" curvePoint="false"/>
<type value="normal"/>
</arc>
<arc id="T23 to P2" source="T23" target="P02">
<graphics/>
<inscription>
<value>Default,1</value>
<graphics/>
</inscription>
<tagged>
<value>false</value>
</tagged>
<arcpath id="000" x="1240" y="390" curvePoint="false"/>
<arcpath id="001" x="1236" y="461" curvePoint="false"/>
<arcpath id="002" x="771" y="441" curvePoint="false"/>
<arcpath id="003" x="780" y="142" curvePoint="false"/>
<arcpath id="004" x="1031" y="116" curvePoint="false"/>
<type value="normal"/>
</arc>
<arc id="T24 to P3" source="T24" target="P03">
<graphics/>
<inscription>
<value>Default,1</value>
<graphics/>
</inscription>
<tagged>
<value>false</value>
</tagged>
<arcpath id="000" x="1510" y="390" curvePoint="false"/>
<arcpath id="001" x="1521" y="425" curvePoint="false"/>
<arcpath id="002" x="1456" y="426" curvePoint="false"/>
<arcpath id="003" x="1465" y="196" curvePoint="false"/>
<arcpath id="004" x="1751" y="118" curvePoint="false"/>
<type value="normal"/>
</arc>
<arc id="T25 to P3" source="T25" target="P03">
<graphics/>
<inscription>
<value>Default,1</value>
<graphics/>
</inscription>
<tagged>
<value>false</value>
</tagged>
<arcpath id="000" x="1645" y="390" curvePoint="false"/>
<arcpath id="001" x="1642" y="441" curvePoint="false"/>
<arcpath id="002" x="1431" y="445" curvePoint="false"/>
<arcpath id="003" x="1436" y="191" curvePoint="false"/>
<arcpath id="004" x="1751" y="118" curvePoint="false"/>
<type value="normal"/>
</arc>
<arc id="T26 to P3" source="T26" target="P03">
<graphics/>
<inscription>
<value>Default,1</value>
<graphics/>
</inscription>
<tagged>
<value>false</value>
</tagged>
<arcpath id="000" x="1780" y="390" curvePoint="false"/>
<arcpath id="001" x="1776" y="455" curvePoint="false"/>
<arcpath id="002" x="1406" y="465" curvePoint="false"/>
<arcpath id="003" x="1416" y="176" curvePoint="false"/>
<arcpath id="004" x="1751" y="117" curvePoint="false"/>
<type value="normal"/>
</arc>
<arc id="T27 to P3" source="T27" target="P03">
<graphics/>
<inscription>
<value>Default,1</value>
<graphics/>
</inscription>
<tagged>
<value>false</value>
</tagged>
<arcpath id="000" x="1930" y="390" curvePoint="false"/>
<arcpath id="001" x="1921" y="476" curvePoint="false"/>
<arcpath id="002" x="1390" y="481" curvePoint="false"/>
<arcpath id="003" x="1395" y="152" curvePoint="false"/>
<arcpath id="004" x="1751" y="116" curvePoint="false"/>
<type value="normal"/>
</arc>
<arc id="T28 to P17" source="T28" target="P17">
<graphics/>
<inscription>
<value>Default,1</value>
<graphics/>
</inscription>
<tagged>
<value>false</value>
</tagged>
<arcpath id="000" x="1033" y="782" curvePoint="false"/>
<arcpath id="001" x="1067" y="695" curvePoint="false"/>
<type value="normal"/>
</arc>
<arc id="T29 to P16" source="T29" target="P16">
<graphics/>
<inscription>
<value>Default,1</value>
<graphics/>
</inscription>
<tagged>
<value>false</value>
</tagged>
<arcpath id="000" x="1023" y="582" curvePoint="false"/>
<arcpath id="001" x="988" y="667" curvePoint="false"/>
<type value="normal"/>
</arc>
<arc id="T2 to P3" source="T02" target="P03">
<graphics/>
<inscription>
<value>Default,1</value>
<graphics/>
</inscription>
<tagged>
<value>false</value>
</tagged>
<arcpath id="000" x="1335" y="115" curvePoint="false"/>
<arcpath id="001" x="1751" y="115" curvePoint="false"/>
<type value="normal"/>
</arc>
<arc id="T3 to P1" source="T03" target="P01">
<graphics/>
<inscription>
<value>Default,1</value>
<graphics/>
</inscription>
<tagged>
<value>false</value>
</tagged>
<arcpath id="000" x="1886" y="101" curvePoint="false"/>
<arcpath id="001" x="1895" y="46" curvePoint="false"/>
<arcpath id="002" x="456" y="46" curvePoint="false"/>
<arcpath id="003" x="447" y="101" curvePoint="false"/>
<type value="normal"/>
</arc>
<arc id="T4 to P4" source="T04" target="P04">
<graphics/>
<inscription>
<value>Default,1</value>
<graphics/>
</inscription>
<tagged>
<value>false</value>
</tagged>
<arcpath id="000" x="265" y="225" curvePoint="false"/>
<arcpath id="001" x="267" y="295" curvePoint="false"/>
<type value="normal"/>
</arc>
<arc id="T5 to P5" source="T05" target="P05">
<graphics/>
<inscription>
<value>Default,1</value>
<graphics/>
</inscription>
<tagged>
<value>false</value>
</tagged>
<arcpath id="000" x="370" y="225" curvePoint="false"/>
<arcpath id="001" x="373" y="295" curvePoint="false"/>
<type value="normal"/>
</arc>
<arc id="T6 to P6" source="T06" target="P06">
<graphics/>
<inscription>
<value>Default,1</value>
<graphics/>
</inscription>
<tagged>
<value>false</value>
</tagged>
<arcpath id="000" x="490" y="225" curvePoint="false"/>
<arcpath id="001" x="493" y="295" curvePoint="false"/>
<type value="normal"/>
</arc>
<arc id="T7 to P7" source="T07" target="P07">
<graphics/>
<inscription>
<value>Default,1</value>
<graphics/>
</inscription>
<tagged>
<value>false</value>
</tagged>
<arcpath id="000" x="610" y="225" curvePoint="false"/>
<arcpath id="001" x="613" y="295" curvePoint="false"/>
<type value="normal"/>
</arc>
<arc id="T8 to P8" source="T08" target="P08">
<graphics/>
<inscription>
<value>Default,1</value>
<graphics/>
</inscription>
<tagged>
<value>false</value>
</tagged>
<arcpath id="000" x="895" y="225" curvePoint="false"/>
<arcpath id="001" x="897" y="295" curvePoint="false"/>
<type value="normal"/>
</arc>
<arc id="T9 to P9" source="T09" target="P09">
<graphics/>
<inscription>
<value>Default,1</value>
<graphics/>
</inscription>
<tagged>
<value>false</value>
</tagged>
<arcpath id="000" x="1000" y="225" curvePoint="false"/>
<arcpath id="001" x="1003" y="295" curvePoint="false"/>
<type value="normal"/>
</arc>
</net>
</pnml>
