<?xml version="1.0" encoding="ISO-8859-1"?><pnml>
<net id="Net-One" type="P/T net">
<token id="Default" enabled="true" red="0" green="0" blue="0"/>
<place id="P01">
<graphics>
<position x="435.0" y="105.0"/>
</graphics>
<name>
<value>P01</value>
<graphics>
<offset x="0.0" y="0.0"/>
</graphics>
</name>
<initialMarking>
<value>Default,1</value>
<graphics>
<offset x="0.0" y="0.0"/>
</graphics>
</initialMarking>
<capacity>
<value>0</value>
</capacity>
</place>
<place id="P02">
<graphics>
<position x="1035.0" y="105.0"/>
</graphics>
<name>
<value>P02</value>
<graphics>
<offset x="0.0" y="0.0"/>
</graphics>
</name>
<initialMarking>
<value>Default,0</value>
<graphics>
<offset x="0.0" y="0.0"/>
</graphics>
</initialMarking>
<capacity>
<value>0</value>
</capacity>
</place>
<place id="P03">
<graphics>
<position x="1755.0" y="105.0"/>
</graphics>
<name>
<value>P03</value>
<graphics>
<offset x="0.0" y="0.0"/>
</graphics>
</name>
<initialMarking>
<value>Default,0</value>
<graphics>
<offset x="0.0" y="0.0"/>
</graphics>
</initialMarking>
<capacity>
<value>0</value>
</capacity>
</place>
<place id="P04">
<graphics>
<position x="225.0" y="300.0"/>
</graphics>
<name>
<value>P04</value>
<graphics>
<offset x="7.500000000000001" y="-8.333333333333332"/>
</graphics>
</name>
<initialMarking>
<value>Default,0</value>
<graphics>
<offset x="0.0" y="0.0"/>
</graphics>
</initialMarking>
<capacity>
<value>0</value>
</capacity>
</place>
<place id="P05">
<graphics>
<position x="330.0" y="300.0"/>
</graphics>
<name>
<value>P05</value>
<graphics>
<offset x="14.444444444444443" y="-7.777777777777777"/>
</graphics>
</name>
<initialMarking>
<value>Default,0</value>
<graphics>
<offset x="0.0" y="0.0"/>
</graphics>
</initialMarking>
<capacity>
<value>0</value>
</capacity>
</place>
<place id="P06">
<graphics>
<position x="450.0" y="300.0"/>
</graphics>
<name>
<value>P06</value>
<graphics>
<offset x="0.0" y="0.0"/>
</graphics>
</name>
<initialMarking>
<value>Default,0</value>
<graphics>
<offset x="0.0" y="0.0"/>
</graphics>
</initialMarking>
<capacity>
<value>0</value>
</capacity>
</place>
<place id="P07">
<graphics>
<position x="570.0" y="300.0"/>
</graphics>
<name>
<value>P07</value>
<graphics>
<offset x="0.0" y="0.0"/>
</graphics>
</name>
<initialMarking>
<value>Default,0</value>
<graphics>
<offset x="0.0" y="0.0"/>
</graphics>
</initialMarking>
<capacity>
<value>0</value>
</capacity>
</place>
<place id="P08">
<graphics>
<position x="855.0" y="300.0"/>
</graphics>
<name>
<value>P08</value>
<graphics>
<offset x="0.0" y="0.0"/>
</graphics>
</name>
<initialMarking>
<value>Default,0</value>
<graphics>
<offset x="0.0" y="0.0"/>
</graphics>
</initialMarking>
<capacity>
<value>0</value>
</capacity>
</place>
<place id="P09">
<graphics>
<position x="960.0" y="300.0"/>
</graphics>
<name>
<value>P09</value>
<graphics>
<offset x="52.22222222222226" y="-2.2222222222222223"/>
</graphics>
</name>
<initialMarking>
<value>Default,0</value>
<graphics>
<offset x="0.0" y="0.0"/>
</graphics>
</initialMarking>
<capacity>
<value>0</value>
</capacity>
</place>
<place id="P10">
<graphics>
<position x="1080.0" y="300.0"/>
</graphics>
<name>
<value>P10</value>
<graphics>
<offset x="12.727272727272723" y="0.0"/>
</graphics>
</name>
<initialMarking>
<value>Default,0</value>
<graphics>
<offset x="0.0" y="0.0"/>
</graphics>
</initialMarking>
<capacity>
<value>0</value>
</capacity>
</place>
<place id="P11">
<graphics>
<position x="1200.0" y="300.0"/>
</graphics>
<name>
<value>P11</value>
<graphics>
<offset x="0.0" y="0.0"/>
</graphics>
</name>
<initialMarking>
<value>Default,0</value>
<graphics>
<offset x="0.0" y="0.0"/>
</graphics>
</initialMarking>
<capacity>
<value>0</value>
</capacity>
</place>
<place id="P12">
<graphics>
<position x="1470.0" y="300.0"/>
</graphics>
<name>
<value>P12</value>
<graphics>
<offset x="12.727272727272725" y="-2.727272727272727"/>
</graphics>
</name>
<initialMarking>
<value>Default,0</value>
<graphics>
<offset x="0.0" y="0.0"/>
</graphics>
</initialMarking>
<capacity>
<value>0</value>
</capacity>
</place>
<place id="P13">
<graphics>
<position x="1605.0" y="300.0"/>
</graphics>
<name>
<value>P13</value>
<graphics>
<offset x="0.0" y="0.0"/>
</graphics>
</name>
<initialMarking>
<value>Default,0</value>
<graphics>
<offset x="0.0" y="0.0"/>
</graphics>
</initialMarking>
<capacity>
<value>0</value>
</capacity>
</place>
<place id="P14">
<graphics>
<position x="1740.0" y="300.0"/>
</graphics>
<name>
<value>P14</value>
<graphics>
<offset x="0.0" y="0.0"/>
</graphics>
</name>
<initialMarking>
<value>Default,0</value>
<graphics>
<offset x="0.0" y="0.0"/>
</graphics>
</initialMarking>
<capacity>
<value>0</value>
</capacity>
</place>
<place id="P15">
<graphics>
<position x="1890.0" y="300.0"/>
</graphics>
<name>
<value>P15</value>
<graphics>
<offset x="0.0" y="0.0"/>
</graphics>
</name>
<initialMarking>
<value>Default,0</value>
<graphics>
<offset x="0.0" y="0.0"/>
</graphics>
</initialMarking>
<capacity>
<value>0</value>
</capacity>
</place>
<place id="P16">
<graphics>
<position x="990.0" y="855.0"/>
</graphics>
<name>
<value>P16</value>
<graphics>
<offset x="9.15151515151515" y="-6.606060606060608"/>
</graphics>
</name>
<initialMarking>
<value>Default,1</value>
<graphics>
<offset x="0.0" y="0.0"/>
</graphics>
</initialMarking>
<capacity>
<value>0</value>
</capacity>
</place>
<place id="P17">
<graphics>
<position x="1080.0" y="855.0"/>
</graphics>
<name>
<value>P17</value>
<graphics>
<offset x="31.06060606060607" y="-15.151515151515149"/>
</graphics>
</name>
<initialMarking>
<value>Default,0</value>
<graphics>
<offset x="0.0" y="0.0"/>
</graphics>
</initialMarking>
<capacity>
<value>0</value>
</capacity>
</place>
<place id="P18">
<graphics>
<position x="285.0" y="300.0"/>
</graphics>
<name>
<value>P18</value>
<graphics>
<offset x="0.0" y="0.0"/>
</graphics>
</name>
<initialMarking>
<value>Default,1</value>
<graphics>
<offset x="0.0" y="0.0"/>
</graphics>
</initialMarking>
<capacity>
<value>0</value>
</capacity>
</place>
<place id="P19">
<graphics>
<position x="390.0" y="300.0"/>
</graphics>
<name>
<value>P19</value>
<graphics>
<offset x="11.11111111111111" y="3.3333333333333335"/>
</graphics>
</name>
<initialMarking>
<value>Default,1</value>
<graphics>
<offset x="0.0" y="0.0"/>
</graphics>
</initialMarking>
<capacity>
<value>0</value>
</capacity>
</place>
<place id="P20">
<graphics>
<position x="510.0" y="300.0"/>
</graphics>
<name>
<value>P20</value>
<graphics>
<offset x="0.0" y="0.0"/>
</graphics>
</name>
<initialMarking>
<value>Default,1</value>
<graphics>
<offset x="0.0" y="0.0"/>
</graphics>
</initialMarking>
<capacity>
<value>0</value>
</capacity>
</place>
<place id="P21">
<graphics>
<position x="630.0" y="300.0"/>
</graphics>
<name>
<value>P21</value>
<graphics>
<offset x="0.0" y="0.0"/>
</graphics>
</name>
<initialMarking>
<value>Default,1</value>
<graphics>
<offset x="0.0" y="0.0"/>
</graphics>
</initialMarking>
<capacity>
<value>0</value>
</capacity>
</place>
<place id="P22">
<graphics>
<position x="915.0" y="300.0"/>
</graphics>
<name>
<value>P22</value>
<graphics>
<offset x="0.0" y="0.0"/>
</graphics>
</name>
<initialMarking>
<value>Default,1</value>
<graphics>
<offset x="0.0" y="0.0"/>
</graphics>
</initialMarking>
<capacity>
<value>0</value>
</capacity>
</place>
<place id="P23">
<graphics>
<position x="1020.0" y="300.0"/>
</graphics>
<name>
<value>P23</value>
<graphics>
<offset x="25.959595959595962" y="-3.6363636363636758"/>
</graphics>
</name>
<initialMarking>
<value>Default,1</value>
<graphics>
<offset x="0.0" y="0.0"/>
</graphics>
</initialMarking>
<capacity>
<value>0</value>
</capacity>
</place>
<place id="P24">
<graphics>
<position x="1125.0" y="300.0"/>
</graphics>
<name>
<value>P24</value>
<graphics>
<offset x="36.36363636363637" y="-0.9090909090909035"/>
</graphics>
</name>
<initialMarking>
<value>Default,1</value>
<graphics>
<offset x="0.0" y="0.0"/>
</graphics>
</initialMarking>
<capacity>
<value>0</value>
</capacity>
</place>
<place id="P25">
<graphics>
<position x="1245.0" y="300.0"/>
</graphics>
<name>
<value>P25</value>
<graphics>
<offset x="54.54545454545452" y="2.727272727272727"/>
</graphics>
</name>
<initialMarking>
<value>Default,1</value>
<graphics>
<offset x="0.0" y="0.0"/>
</graphics>
</initialMarking>
<capacity>
<value>0</value>
</capacity>
</place>
<place id="P26">
<graphics>
<position x="1530.0" y="300.0"/>
</graphics>
<name>
<value>P26</value>
<graphics>
<offset x="0.0" y="0.0"/>
</graphics>
</name>
<initialMarking>
<value>Default,1</value>
<graphics>
<offset x="0.0" y="0.0"/>
</graphics>
</initialMarking>
<capacity>
<value>0</value>
</capacity>
</place>
<place id="P27">
<graphics>
<position x="1665.0" y="300.0"/>
</graphics>
<name>
<value>P27</value>
<graphics>
<offset x="0.0" y="0.0"/>
</graphics>
</name>
<initialMarking>
<value>Default,1</value>
<graphics>
<offset x="0.0" y="0.0"/>
</graphics>
</initialMarking>
<capacity>
<value>0</value>
</capacity>
</place>
<place id="P28">
<graphics>
<position x="1800.0" y="300.0"/>
</graphics>
<name>
<value>P28</value>
<graphics>
<offset x="0.0" y="0.0"/>
</graphics>
</name>
<initialMarking>
<value>Default,1</value>
<graphics>
<offset x="0.0" y="0.0"/>
</graphics>
</initialMarking>
<capacity>
<value>0</value>
</capacity>
</place>
<place id="P29">
<graphics>
<position x="1950.0" y="300.0"/>
</graphics>
<name>
<value>P29</value>
<graphics>
<offset x="0.0" y="0.0"/>
</graphics>
</name>
<initialMarking>
<value>Default,1</value>
<graphics>
<offset x="0.0" y="0.0"/>
</graphics>
</initialMarking>
<capacity>
<value>0</value>
</capacity>
</place>
<transition id="T01">
<graphics>
<position x="630.0" y="105.0"/>
</graphics>
<name>
<value>T01</value>
<graphics>
<offset x="-5.0" y="35.0"/>
</graphics>
</name>
<orientation>
<value>0</value>
</orientation>
<rate>
<value>1.0</value>
</rate>
<timed>
<value>false</value>
</timed>
<infiniteServer>
<value>false</value>
</infiniteServer>
<priority>
<value>1</value>
</priority>
</transition>
<transition id="T02">
<graphics>
<position x="1320.0" y="105.0"/>
</graphics>
<name>
<value>T02</value>
<graphics>
<offset x="-5.0" y="35.0"/>
</graphics>
</name>
<orientation>
<value>0</value>
</orientation>
<rate>
<value>1.0</value>
</rate>
<timed>
<value>false</value>
</timed>
<infiniteServer>
<value>false</value>
</infiniteServer>
<priority>
<value>1</value>
</priority>
</transition>
<transition id="T03">
<graphics>
<position x="1875.0" y="105.0"/>
</graphics>
<name>
<value>T03</value>
<graphics>
<offset x="-5.0" y="35.0"/>
</graphics>
</name>
<orientation>
<value>0</value>
</orientation>
<rate>
<value>1.0</value>
</rate>
<timed>
<value>false</value>
</timed>
<infiniteServer>
<value>false</value>
</infiniteServer>
<priority>
<value>1</value>
</priority>
</transition>
<transition id="T04">
<graphics>
<position x="255.0" y="210.0"/>
</graphics>
<name>
<value>T04</value>
<graphics>
<offset x="-5.0" y="35.0"/>
</graphics>
</name>
<orientation>
<value>90</value>
</orientation>
<rate>
<value>1.0</value>
</rate>
<timed>
<value>false</value>
</timed>
<infiniteServer>
<value>false</value>
</infiniteServer>
<priority>
<value>1</value>
</priority>
</transition>
<transition id="T05">
<graphics>
<position x="360.0" y="210.0"/>
</graphics>
<name>
<value>T05</value>
<graphics>
<offset x="-5.0" y="35.0"/>
</graphics>
</name>
<orientation>
<value>90</value>
</orientation>
<rate>
<value>1.0</value>
</rate>
<timed>
<value>false</value>
</timed>
<infiniteServer>
<value>false</value>
</infiniteServer>
<priority>
<value>1</value>
</priority>
</transition>
<transition id="T06">
<graphics>
<position x="480.0" y="210.0"/>
</graphics>
<name>
<value>T06</value>
<graphics>
<offset x="-5.0" y="35.0"/>
</graphics>
</name>
<orientation>
<value>90</value>
</orientation>
<rate>
<value>1.0</value>
</rate>
<timed>
<value>false</value>
</timed>
<infiniteServer>
<value>false</value>
</infiniteServer>
<priority>
<value>1</value>
</priority>
</transition>
<transition id="T07">
<graphics>
<position x="600.0" y="210.0"/>
</graphics>
<name>
<value>T07</value>
<graphics>
<offset x="-5.0" y="35.0"/>
</graphics>
</name>
<orientation>
<value>90</value>
</orientation>
<rate>
<value>1.0</value>
</rate>
<timed>
<value>false</value>
</timed>
<infiniteServer>
<value>false</value>
</infiniteServer>
<priority>
<value>1</value>
</priority>
</transition>
<transition id="T08">
<graphics>
<position x="885.0" y="210.0"/>
</graphics>
<name>
<value>T08</value>
<graphics>
<offset x="-5.0" y="35.0"/>
</graphics>
</name>
<orientation>
<value>90</value>
</orientation>
<rate>
<value>1.0</value>
</rate>
<timed>
<value>false</value>
</timed>
<infiniteServer>
<value>false</value>
</infiniteServer>
<priority>
<value>1</value>
</priority>
</transition>
<transition id="T09">
<graphics>
<position x="990.0" y="210.0"/>
</graphics>
<name>
<value>T09</value>
<graphics>
<offset x="-5.0" y="35.0"/>
</graphics>
</name>
<orientation>
<value>90</value>
</orientation>
<rate>
<value>1.0</value>
</rate>
<timed>
<value>false</value>
</timed>
<infiniteServer>
<value>false</value>
</infiniteServer>
<priority>
<value>1</value>
</priority>
</transition>
<transition id="T10">
<graphics>
<position x="1110.0" y="210.0"/>
</graphics>
<name>
<value>T10</value>
<graphics>
<offset x="-5.0" y="35.0"/>
</graphics>
</name>
<orientation>
<value>90</value>
</orientation>
<rate>
<value>1.0</value>
</rate>
<timed>
<value>false</value>
</timed>
<infiniteServer>
<value>false</value>
</infiniteServer>
<priority>
<value>1</value>
</priority>
</transition>
<transition id="T11">
<graphics>
<position x="1230.0" y="210.0"/>
</graphics>
<name>
<value>T11</value>
<graphics>
<offset x="-5.0" y="35.0"/>
</graphics>
</name>
<orientation>
<value>90</value>
</orientation>
<rate>
<value>1.0</value>
</rate>
<timed>
<value>false</value>
</timed>
<infiniteServer>
<value>false</value>
</infiniteServer>
<priority>
<value>1</value>
</priority>
</transition>
<transition id="T12">
<graphics>
<position x="1500.0" y="210.0"/>
</graphics>
<name>
<value>T12</value>
<graphics>
<offset x="-5.0" y="35.0"/>
</graphics>
</name>
<orientation>
<value>90</value>
</orientation>
<rate>
<value>1.0</value>
</rate>
<timed>
<value>false</value>
</timed>
<infiniteServer>
<value>false</value>
</infiniteServer>
<priority>
<value>1</value>
</priority>
</transition>
<transition id="T13">
<graphics>
<position x="1635.0" y="210.0"/>
</graphics>
<name>
<value>T13</value>
<graphics>
<offset x="-5.0" y="35.0"/>
</graphics>
</name>
<orientation>
<value>90</value>
</orientation>
<rate>
<value>1.0</value>
</rate>
<timed>
<value>false</value>
</timed>
<infiniteServer>
<value>false</value>
</infiniteServer>
<priority>
<value>1</value>
</priority>
</transition>
<transition id="T14">
<graphics>
<position x="1770.0" y="210.0"/>
</graphics>
<name>
<value>T14</value>
<graphics>
<offset x="-5.0" y="35.0"/>
</graphics>
</name>
<orientation>
<value>90</value>
</orientation>
<rate>
<value>1.0</value>
</rate>
<timed>
<value>false</value>
</timed>
<infiniteServer>
<value>false</value>
</infiniteServer>
<priority>
<value>1</value>
</priority>
</transition>
<transition id="T15">
<graphics>
<position x="1920.0" y="210.0"/>
</graphics>
<name>
<value>T15</value>
<graphics>
<offset x="-5.0" y="35.0"/>
</graphics>
</name>
<orientation>
<value>90</value>
</orientation>
<rate>
<value>1.0</value>
</rate>
<timed>
<value>false</value>
</timed>
<infiniteServer>
<value>false</value>
</infiniteServer>
<priority>
<value>1</value>
</priority>
</transition>
<transition id="T16">
<graphics>
<position x="255.0" y="375.0"/>
</graphics>
<name>
<value>T16</value>
<graphics>
<offset x="-5.0" y="35.0"/>
</graphics>
</name>
<orientation>
<value>90</value>
</orientation>
<rate>
<value>1.0</value>
</rate>
<timed>
<value>false</value>
</timed>
<infiniteServer>
<value>false</value>
</infiniteServer>
<priority>
<value>1</value>
</priority>
</transition>
<transition id="T17">
<graphics>
<position x="360.0" y="375.0"/>
</graphics>
<name>
<value>T17</value>
<graphics>
<offset x="-5.0" y="35.0"/>
</graphics>
</name>
<orientation>
<value>90</value>
</orientation>
<rate>
<value>1.0</value>
</rate>
<timed>
<value>false</value>
</timed>
<infiniteServer>
<value>false</value>
</infiniteServer>
<priority>
<value>1</value>
</priority>
</transition>
<transition id="T18">
<graphics>
<position x="480.0" y="375.0"/>
</graphics>
<name>
<value>T18</value>
<graphics>
<offset x="-5.0" y="35.0"/>
</graphics>
</name>
<orientation>
<value>90</value>
</orientation>
<rate>
<value>1.0</value>
</rate>
<timed>
<value>false</value>
</timed>
<infiniteServer>
<value>false</value>
</infiniteServer>
<priority>
<value>1</value>
</priority>
</transition>
<transition id="T19">
<graphics>
<position x="600.0" y="375.0"/>
</graphics>
<name>
<value>T19</value>
<graphics>
<offset x="-5.0" y="35.0"/>
</graphics>
</name>
<orientation>
<value>90</value>
</orientation>
<rate>
<value>1.0</value>
</rate>
<timed>
<value>false</value>
</timed>
<infiniteServer>
<value>false</value>
</infiniteServer>
<priority>
<value>1</value>
</priority>
</transition>
<transition id="T20">
<graphics>
<position x="885.0" y="375.0"/>
</graphics>
<name>
<value>T20</value>
<graphics>
<offset x="-5.0" y="35.0"/>
</graphics>
</name>
<orientation>
<value>90</value>
</orientation>
<rate>
<value>1.0</value>
</rate>
<timed>
<value>false</value>
</timed>
<infiniteServer>
<value>false</value>
</infiniteServer>
<priority>
<value>1</value>
</priority>
</transition>
<transition id="T21">
<graphics>
<position x="990.0" y="375.0"/>
</graphics>
<name>
<value>T21</value>
<graphics>
<offset x="-5.0" y="35.0"/>
</graphics>
</name>
<orientation>
<value>90</value>
</orientation>
<rate>
<value>1.0</value>
</rate>
<timed>
<value>false</value>
</timed>
<infiniteServer>
<value>false</value>
</infiniteServer>
<priority>
<value>1</value>
</priority>
</transition>
<transition id="T22">
<graphics>
<position x="1110.0" y="375.0"/>
</graphics>
<name>
<value>T22</value>
<graphics>
<offset x="-5.0" y="35.0"/>
</graphics>
</name>
<orientation>
<value>90</value>
</orientation>
<rate>
<value>1.0</value>
</rate>
<timed>
<value>false</value>
</timed>
<infiniteServer>
<value>false</value>
</infiniteServer>
<priority>
<value>1</value>
</priority>
</transition>
<transition id="T23">
<graphics>
<position x="1230.0" y="375.0"/>
</graphics>
<name>
<value>T23</value>
<graphics>
<offset x="-5.0" y="35.0"/>
</graphics>
</name>
<orientation>
<value>90</value>
</orientation>
<rate>
<value>1.0</value>
</rate>
<timed>
<value>false</value>
</timed>
<infiniteServer>
<value>false</value>
</infiniteServer>
<priority>
<value>1</value>
</priority>
</transition>
<transition id="T24">
<graphics>
<position x="1500.0" y="375.0"/>
</graphics>
<name>
<value>T24</value>
<graphics>
<offset x="-5.0" y="35.0"/>
</graphics>
</name>
<orientation>
<value>90</value>
</orientation>
<rate>
<value>1.0</value>
</rate>
<timed>
<value>false</value>
</timed>
<infiniteServer>
<value>false</value>
</infiniteServer>
<priority>
<value>1</value>
</priority>
</transition>
<transition id="T25">
<graphics>
<position x="1635.0" y="375.0"/>
</graphics>
<name>
<value>T25</value>
<graphics>
<offset x="-5.0" y="35.0"/>
</graphics>
</name>
<orientation>
<value>90</value>
</orientation>
<rate>
<value>1.0</value>
</rate>
<timed>
<value>false</value>
</timed>
<infiniteServer>
<value>false</value>
</infiniteServer>
<priority>
<value>1</value>
</priority>
</transition>
<transition id="T26">
<graphics>
<position x="1770.0" y="375.0"/>
</graphics>
<name>
<value>T26</value>
<graphics>
<offset x="-5.0" y="35.0"/>
</graphics>
</name>
<orientation>
<value>90</value>
</orientation>
<rate>
<value>1.0</value>
</rate>
<timed>
<value>false</value>
</timed>
<infiniteServer>
<value>false</value>
</infiniteServer>
<priority>
<value>1</value>
</priority>
</transition>
<transition id="T27">
<graphics>
<position x="1920.0" y="375.0"/>
</graphics>
<name>
<value>T27</value>
<graphics>
<offset x="-5.0" y="35.0"/>
</graphics>
</name>
<orientation>
<value>90</value>
</orientation>
<rate>
<value>1.0</value>
</rate>
<timed>
<value>false</value>
</timed>
<infiniteServer>
<value>false</value>
</infiniteServer>
<priority>
<value>1</value>
</priority>
</transition>
<transition id="T28">
<graphics>
<position x="1035.0" y="960.0"/>
</graphics>
<name>
<value>T28</value>
<graphics>
<offset x="64.99999999999999" y="-7.222222222222225"/>
</graphics>
</name>
<orientation>
<value>90</value>
</orientation>
<rate>
<value>1.0</value>
</rate>
<timed>
<value>false</value>
</timed>
<infiniteServer>
<value>false</value>
</infiniteServer>
<priority>
<value>1</value>
</priority>
</transition>
<transition id="T29">
<graphics>
<position x="1035.0" y="750.0"/>
</graphics>
<name>
<value>T29</value>
<graphics>
<offset x="-5.0" y="35.0"/>
</graphics>
</name>
<orientation>
<value>90</value>
</orientation>
<rate>
<value>1.0</value>
</rate>
<timed>
<value>false</value>
</timed>
<infiniteServer>
<value>false</value>
</infiniteServer>
<priority>
<value>1</value>
</priority>
</transition>
<arc id="P10 to T22" source="P10" target="T22">
<graphics/>
<inscription>
<value>Default,1</value>
<graphics/>
</inscription>
<tagged>
<value>false</value>
</tagged>
<arcpath id="000" x="1095" y="324" curvePoint="false"/>
<arcpath id="001" x="1114" y="380" curvePoint="false"/>
<type value="normal"/>
</arc>
<arc id="P11 to T23" source="P11" target="T23">
<graphics/>
<inscription>
<value>Default,1</value>
<graphics/>
</inscription>
<tagged>
<value>false</value>
</tagged>
<arcpath id="000" x="1215" y="324" curvePoint="false"/>
<arcpath id="001" x="1234" y="380" curvePoint="false"/>
<type value="normal"/>
</arc>
<arc id="P12 to T24" source="P12" target="T24">
<graphics/>
<inscription>
<value>Default,1</value>
<graphics/>
</inscription>
<tagged>
<value>false</value>
</tagged>
<arcpath id="000" x="1485" y="324" curvePoint="false"/>
<arcpath id="001" x="1504" y="380" curvePoint="false"/>
<type value="normal"/>
</arc>
<arc id="P13 to T25" source="P13" target="T25">
<graphics/>
<inscription>
<value>Default,1</value>
<graphics/>
</inscription>
<tagged>
<value>false</value>
</tagged>
<arcpath id="000" x="1620" y="324" curvePoint="false"/>
<arcpath id="001" x="1640" y="380" curvePoint="false"/>
<type value="normal"/>
</arc>
<arc id="P14 to T26" source="P14" target="T26">
<graphics/>
<inscription>
<value>Default,1</value>
<graphics/>
</inscription>
<tagged>
<value>false</value>
</tagged>
<arcpath id="000" x="1755" y="324" curvePoint="false"/>
<arcpath id="001" x="1774" y="380" curvePoint="false"/>
<type value="normal"/>
</arc>
<arc id="P15 to T27" source="P15" target="T27">
<graphics/>
<inscription>
<value>Default,1</value>
<graphics/>
</inscription>
<tagged>
<value>false</value>
</tagged>
<arcpath id="000" x="1905" y="324" curvePoint="false"/>
<arcpath id="001" x="1924" y="380" curvePoint="false"/>
<type value="normal"/>
</arc>
<arc id="P16 to T28" source="P16" target="T28">
<graphics/>
<inscription>
<value>Default,1</value>
<graphics/>
</inscription>
<tagged>
<value>false</value>
</tagged>
<arcpath id="000" x="1006" y="878" curvePoint="false"/>
<arcpath id="001" x="1047" y="965" curvePoint="false"/>
<type value="normal"/>
</arc>
<arc id="P17 to T29" source="P17" target="T29">
<graphics/>
<inscription>
<value>Default,1</value>
<graphics/>
</inscription>
<tagged>
<value>false</value>
</tagged>
<arcpath id="000" x="1084" y="851" curvePoint="false"/>
<arcpath id="001" x="1050" y="765" curvePoint="false"/>
<type value="normal"/>
</arc>
<arc id="P18 to T04" source="P18" target="T04">
<graphics/>
<inscription>
<value>Default,1</value>
<graphics/>
</inscription>
<tagged>
<value>false</value>
</tagged>
<arcpath id="000" x="291" y="296" curvePoint="false"/>
<arcpath id="001" x="270" y="225" curvePoint="false"/>
<type value="normal"/>
</arc>
<arc id="P18 to T28" source="P18" target="T28">
<graphics/>
<inscription>
<value>Default,1</value>
<graphics/>
</inscription>
<tagged>
<value>false</value>
</tagged>
<arcpath id="000" x="297" y="325" curvePoint="false"/>
<arcpath id="001" x="366" y="896" curvePoint="false"/>
<arcpath id="002" x="1030" y="971" curvePoint="false"/>
<type value="normal"/>
</arc>
<arc id="P19 to T05" source="P19" target="T05">
<graphics/>
<inscription>
<value>Default,1</value>
<graphics/>
</inscription>
<tagged>
<value>false</value>
</tagged>
<arcpath id="000" x="396" y="296" curvePoint="false"/>
<arcpath id="001" x="375" y="225" curvePoint="false"/>
<type value="normal"/>
</arc>
<arc id="P19 to T28" source="P19" target="T28">
<graphics/>
<inscription>
<value>Default,1</value>
<graphics/>
</inscription>
<tagged>
<value>false</value>
</tagged>
<arcpath id="000" x="403" y="325" curvePoint="false"/>
<arcpath id="001" x="490" y="891" curvePoint="false"/>
<arcpath id="002" x="1030" y="971" curvePoint="false"/>
<type value="normal"/>
</arc>
<arc id="P1 to T1" source="P01" target="T01">
<graphics/>
<inscription>
<value>Default,1</value>
<graphics/>
</inscription>
<tagged>
<value>false</value>
</tagged>
<arcpath id="000" x="461" y="115" curvePoint="false"/>
<arcpath id="001" x="635" y="116" curvePoint="false"/>
<type value="normal"/>
</arc>
<arc id="P1 to T4" source="P01" target="T04">
<graphics/>
<inscription>
<value>Default,1</value>
<graphics/>
</inscription>
<tagged>
<value>false</value>
</tagged>
<arcpath id="000" x="432" y="122" curvePoint="false"/>
<arcpath id="001" x="264" y="215" curvePoint="false"/>
<type value="normal"/>
</arc>
<arc id="P1 to T5" source="P01" target="T05">
<graphics/>
<inscription>
<value>Default,1</value>
<graphics/>
</inscription>
<tagged>
<value>false</value>
</tagged>
<arcpath id="000" x="436" y="127" curvePoint="false"/>
<arcpath id="001" x="370" y="215" curvePoint="false"/>
<type value="normal"/>
</arc>
<arc id="P1 to T6" source="P01" target="T06">
<graphics/>
<inscription>
<value>Default,1</value>
<graphics/>
</inscription>
<tagged>
<value>false</value>
</tagged>
<arcpath id="000" x="451" y="128" curvePoint="false"/>
<arcpath id="001" x="490" y="215" curvePoint="false"/>
<type value="normal"/>
</arc>
<arc id="P1 to T7" source="P01" target="T07">
<graphics/>
<inscription>
<value>Default,1</value>
<graphics/>
</inscription>
<tagged>
<value>false</value>
</tagged>
<arcpath id="000" x="458" y="123" curvePoint="false"/>
<arcpath id="001" x="610" y="215" curvePoint="false"/>
<type value="normal"/>
</arc>
<arc id="P20 to T06" source="P20" target="T06">
<graphics/>
<inscription>
<value>Default,1</value>
<graphics/>
</inscription>
<tagged>
<value>false</value>
</tagged>
<arcpath id="000" x="516" y="296" curvePoint="false"/>
<arcpath id="001" x="495" y="225" curvePoint="false"/>
<type value="normal"/>
</arc>
<arc id="P20 to T28" source="P20" target="T28">
<graphics/>
<inscription>
<value>Default,1</value>
<graphics/>
</inscription>
<tagged>
<value>false</value>
</tagged>
<arcpath id="000" x="523" y="325" curvePoint="false"/>
<arcpath id="001" x="646" y="890" curvePoint="false"/>
<arcpath id="002" x="1030" y="971" curvePoint="false"/>
<type value="normal"/>
</arc>
<arc id="P21 to T07" source="P21" target="T07">
<graphics/>
<inscription>
<value>Default,1</value>
<graphics/>
</inscription>
<tagged>
<value>false</value>
</tagged>
<arcpath id="000" x="636" y="296" curvePoint="false"/>
<arcpath id="001" x="615" y="225" curvePoint="false"/>
<type value="normal"/>
</arc>
<arc id="P21 to T28" source="P21" target="T28">
<graphics/>
<inscription>
<value>Default,1</value>
<graphics/>
</inscription>
<tagged>
<value>false</value>
</tagged>
<arcpath id="000" x="644" y="325" curvePoint="false"/>
<arcpath id="001" x="781" y="891" curvePoint="false"/>
<arcpath id="002" x="1030" y="971" curvePoint="false"/>
<type value="normal"/>
</arc>
<arc id="P22 to T08" source="P22" target="T08">
<graphics/>
<inscription>
<value>Default,1</value>
<graphics/>
</inscription>
<tagged>
<value>false</value>
</tagged>
<arcpath id="000" x="921" y="296" curvePoint="false"/>
<arcpath id="001" x="900" y="225" curvePoint="false"/>
<type value="normal"/>
</arc>
<arc id="P22 to T28" source="P22" target="T28">
<graphics/>
<inscription>
<value>Default,1</value>
<graphics/>
</inscription>
<tagged>
<value>false</value>
</tagged>
<arcpath id="000" x="926" y="325" curvePoint="false"/>
<arcpath id="001" x="952" y="911" curvePoint="false"/>
<arcpath id="002" x="1035" y="965" curvePoint="false"/>
<type value="normal"/>
</arc>
<arc id="P23 to T09" source="P23" target="T09">
<graphics/>
<inscription>
<value>Default,1</value>
<graphics/>
</inscription>
<tagged>
<value>false</value>
</tagged>
<arcpath id="000" x="1026" y="296" curvePoint="false"/>
<arcpath id="001" x="1005" y="225" curvePoint="false"/>
<type value="normal"/>
</arc>
<arc id="P23 to T28" source="P23" target="T28">
<graphics/>
<inscription>
<value>Default,1</value>
<graphics/>
</inscription>
<tagged>
<value>false</value>
</tagged>
<arcpath id="000" x="1028" y="325" curvePoint="false"/>
<arcpath id="001" x="971" y="810" curvePoint="false"/>
<arcpath id="002" x="966" y="896" curvePoint="false"/>
<arcpath id="003" x="1042" y="965" curvePoint="false"/>
<type value="normal"/>
</arc>
<arc id="P24 to T10" source="P24" target="T10">
<graphics/>
<inscription>
<value>Default,1</value>
<graphics/>
</inscription>
<tagged>
<value>false</value>
</tagged>
<arcpath id="000" x="1133" y="295" curvePoint="false"/>
<arcpath id="001" x="1125" y="225" curvePoint="false"/>
<type value="normal"/>
</arc>
<arc id="P24 to T28" source="P24" target="T28">
<graphics/>
<inscription>
<value>Default,1</value>
<graphics/>
</inscription>
<tagged>
<value>false</value>
</tagged>
<arcpath id="000" x="1138" y="325" curvePoint="false"/>
<arcpath id="001" x="1290" y="956" curvePoint="false"/>
<arcpath id="002" x="1060" y="971" curvePoint="false"/>
<type value="normal"/>
</arc>
<arc id="P25 to T11" source="P25" target="T11">
<graphics/>
<inscription>
<value>Default,1</value>
<graphics/>
</inscription>
<tagged>
<value>false</value>
</tagged>
<arcpath id="000" x="1253" y="295" curvePoint="false"/>
<arcpath id="001" x="1245" y="225" curvePoint="false"/>
<type value="normal"/>
</arc>
<arc id="P25 to T28" source="P25" target="T28">
<graphics/>
<inscription>
<value>Default,1</value>
<graphics/>
</inscription>
<tagged>
<value>false</value>
</tagged>
<arcpath id="000" x="1258" y="325" curvePoint="false"/>
<arcpath id="001" x="1421" y="932" curvePoint="false"/>
<arcpath id="002" x="1060" y="971" curvePoint="false"/>
<type value="normal"/>
</arc>
<arc id="P26 to T12" source="P26" target="T12">
<graphics/>
<inscription>
<value>Default,1</value>
<graphics/>
</inscription>
<tagged>
<value>false</value>
</tagged>
<arcpath id="000" x="1536" y="296" curvePoint="false"/>
<arcpath id="001" x="1515" y="225" curvePoint="false"/>
<type value="normal"/>
</arc>
<arc id="P26 to T28" source="P26" target="T28">
<graphics/>
<inscription>
<value>Default,1</value>
<graphics/>
</inscription>
<tagged>
<value>false</value>
</tagged>
<arcpath id="000" x="1543" y="325" curvePoint="false"/>
<arcpath id="001" x="1636" y="891" curvePoint="false"/>
<arcpath id="002" x="1060" y="971" curvePoint="false"/>
<type value="normal"/>
</arc>
<arc id="P27 to T13" source="P27" target="T13">
<graphics/>
<inscription>
<value>Default,1</value>
<graphics/>
</inscription>
<tagged>
<value>false</value>
</tagged>
<arcpath id="000" x="1671" y="296" curvePoint="false"/>
<arcpath id="001" x="1650" y="225" curvePoint="false"/>
<type value="normal"/>
</arc>
<arc id="P27 to T28" source="P27" target="T28">
<graphics/>
<inscription>
<value>Default,1</value>
<graphics/>
</inscription>
<tagged>
<value>false</value>
</tagged>
<arcpath id="000" x="1677" y="325" curvePoint="false"/>
<arcpath id="001" x="1781" y="896" curvePoint="false"/>
<arcpath id="002" x="1060" y="971" curvePoint="false"/>
<type value="normal"/>
</arc>
<arc id="P28 to T14" source="P28" target="T14">
<graphics/>
<inscription>
<value>Default,1</value>
<graphics/>
</inscription>
<tagged>
<value>false</value>
</tagged>
<arcpath id="000" x="1806" y="296" curvePoint="false"/>
<arcpath id="001" x="1785" y="225" curvePoint="false"/>
<type value="normal"/>
</arc>
<arc id="P28 to T28" source="P28" target="T28">
<graphics/>
<inscription>
<value>Default,1</value>
<graphics/>
</inscription>
<tagged>
<value>false</value>
</tagged>
<arcpath id="000" x="1814" y="325" curvePoint="false"/>
<arcpath id="001" x="1956" y="890" curvePoint="false"/>
<arcpath id="002" x="1060" y="971" curvePoint="false"/>
<type value="normal"/>
</arc>
<arc id="P29 to T15" source="P29" target="T15">
<graphics/>
<inscription>
<value>Default,1</value>
<graphics/>
</inscription>
<tagged>
<value>false</value>
</tagged>
<arcpath id="000" x="1956" y="296" curvePoint="false"/>
<arcpath id="001" x="1935" y="225" curvePoint="false"/>
<type value="normal"/>
</arc>
<arc id="P29 to T28" source="P29" target="T28">
<graphics/>
<inscription>
<value>Default,1</value>
<graphics/>
</inscription>
<tagged>
<value>false</value>
</tagged>
<arcpath id="000" x="1964" y="325" curvePoint="false"/>
<arcpath id="001" x="2095" y="886" curvePoint="false"/>
<arcpath id="002" x="1060" y="971" curvePoint="false"/>
<type value="normal"/>
</arc>
<arc id="P2 to T10" source="P02" target="T10">
<graphics/>
<inscription>
<value>Default,1</value>
<graphics/>
</inscription>
<tagged>
<value>false</value>
</tagged>
<arcpath id="000" x="1054" y="127" curvePoint="false"/>
<arcpath id="001" x="1120" y="215" curvePoint="false"/>
<type value="normal"/>
</arc>
<arc id="P2 to T11" source="P02" target="T11">
<graphics/>
<inscription>
<value>Default,1</value>
<graphics/>
</inscription>
<tagged>
<value>false</value>
</tagged>
<arcpath id="000" x="1058" y="123" curvePoint="false"/>
<arcpath id="001" x="1225" y="221" curvePoint="false"/>
<type value="normal"/>
</arc>
<arc id="P2 to T2" source="P02" target="T02">
<graphics/>
<inscription>
<value>Default,1</value>
<graphics/>
</inscription>
<tagged>
<value>false</value>
</tagged>
<arcpath id="000" x="1061" y="115" curvePoint="false"/>
<arcpath id="001" x="1325" y="116" curvePoint="false"/>
<type value="normal"/>
</arc>
<arc id="P2 to T8" source="P02" target="T08">
<graphics/>
<inscription>
<value>Default,1</value>
<graphics/>
</inscription>
<tagged>
<value>false</value>
</tagged>
<arcpath id="000" x="1033" y="123" curvePoint="false"/>
<arcpath id="001" x="894" y="215" curvePoint="false"/>
<type value="normal"/>
</arc>
<arc id="P2 to T9" source="P02" target="T09">
<graphics/>
<inscription>
<value>Default,1</value>
<graphics/>
</inscription>
<tagged>
<value>false</value>
</tagged>
<arcpath id="000" x="1038" y="128" curvePoint="false"/>
<arcpath id="001" x="1000" y="215" curvePoint="false"/>
<type value="normal"/>
</arc>
<arc id="P3 to T12" source="P03" target="T12">
<graphics/>
<inscription>
<value>Default,1</value>
<graphics/>
</inscription>
<tagged>
<value>false</value>
</tagged>
<arcpath id="000" x="1752" y="121" curvePoint="false"/>
<arcpath id="001" x="1525" y="221" curvePoint="false"/>
<type value="normal"/>
</arc>
<arc id="P3 to T13" source="P03" target="T13">
<graphics/>
<inscription>
<value>Default,1</value>
<graphics/>
</inscription>
<tagged>
<value>false</value>
</tagged>
<arcpath id="000" x="1754" y="125" curvePoint="false"/>
<arcpath id="001" x="1644" y="215" curvePoint="false"/>
<type value="normal"/>
</arc>
<arc id="P3 to T14" source="P03" target="T14">
<graphics/>
<inscription>
<value>Default,1</value>
<graphics/>
</inscription>
<tagged>
<value>false</value>
</tagged>
<arcpath id="000" x="1767" y="130" curvePoint="false"/>
<arcpath id="001" x="1780" y="215" curvePoint="false"/>
<type value="normal"/>
</arc>
<arc id="P3 to T15" source="P03" target="T15">
<graphics/>
<inscription>
<value>Default,1</value>
<graphics/>
</inscription>
<tagged>
<value>false</value>
</tagged>
<arcpath id="000" x="1778" y="123" curvePoint="false"/>
<arcpath id="001" x="1930" y="215" curvePoint="false"/>
<type value="normal"/>
</arc>
<arc id="P3 to T3" source="P03" target="T03">
<graphics/>
<inscription>
<value>Default,1</value>
<graphics/>
</inscription>
<tagged>
<value>false</value>
</tagged>
<arcpath id="000" x="1781" y="115" curvePoint="false"/>
<arcpath id="001" x="1880" y="116" curvePoint="false"/>
<type value="normal"/>
</arc>
<arc id="P4 to T16" source="P04" target="T16">
<graphics/>
<inscription>
<value>Default,1</value>
<graphics/>
</inscription>
<tagged>
<value>false</value>
</tagged>
<arcpath id="000" x="240" y="324" curvePoint="false"/>
<arcpath id="001" x="260" y="380" curvePoint="false"/>
<type value="normal"/>
</arc>
<arc id="P5 to T17" source="P05" target="T17">
<graphics/>
<inscription>
<value>Default,1</value>
<graphics/>
</inscription>
<tagged>
<value>false</value>
</tagged>
<arcpath id="000" x="345" y="324" curvePoint="false"/>
<arcpath id="001" x="364" y="380" curvePoint="false"/>
<type value="normal"/>
</arc>
<arc id="P6 to T18" source="P06" target="T18">
<graphics/>
<inscription>
<value>Default,1</value>
<graphics/>
</inscription>
<tagged>
<value>false</value>
</tagged>
<arcpath id="000" x="465" y="324" curvePoint="false"/>
<arcpath id="001" x="484" y="380" curvePoint="false"/>
<type value="normal"/>
</arc>
<arc id="P7 to T19" source="P07" target="T19">
<graphics/>
<inscription>
<value>Default,1</value>
<graphics/>
</inscription>
<tagged>
<value>false</value>
</tagged>
<arcpath id="000" x="585" y="324" curvePoint="false"/>
<arcpath id="001" x="604" y="380" curvePoint="false"/>
<type value="normal"/>
</arc>
<arc id="P8 to T20" source="P08" target="T20">
<graphics/>
<inscription>
<value>Default,1</value>
<graphics/>
</inscription>
<tagged>
<value>false</value>
</tagged>
<arcpath id="000" x="870" y="324" curvePoint="false"/>
<arcpath id="001" x="890" y="380" curvePoint="false"/>
<type value="normal"/>
</arc>
<arc id="P9 to T21" source="P09" target="T21">
<graphics/>
<inscription>
<value>Default,1</value>
<graphics/>
</inscription>
<tagged>
<value>false</value>
</tagged>
<arcpath id="000" x="975" y="324" curvePoint="false"/>
<arcpath id="001" x="994" y="380" curvePoint="false"/>
<type value="normal"/>
</arc>
<arc id="T10 to P10" source="T10" target="P10">
<graphics/>
<inscription>
<value>Default,1</value>
<graphics/>
</inscription>
<tagged>
<value>false</value>
</tagged>
<arcpath id="000" x="1115" y="225" curvePoint="false"/>
<arcpath id="001" x="1094" y="296" curvePoint="false"/>
<type value="normal"/>
</arc>
<arc id="T11 to P11" source="T11" target="P11">
<graphics/>
<inscription>
<value>Default,1</value>
<graphics/>
</inscription>
<tagged>
<value>false</value>
</tagged>
<arcpath id="000" x="1235" y="225" curvePoint="false"/>
<arcpath id="001" x="1214" y="296" curvePoint="false"/>
<type value="normal"/>
</arc>
<arc id="T12 to P12" source="T12" target="P12">
<graphics/>
<inscription>
<value>Default,1</value>
<graphics/>
</inscription>
<tagged>
<value>false</value>
</tagged>
<arcpath id="000" x="1505" y="225" curvePoint="false"/>
<arcpath id="001" x="1484" y="296" curvePoint="false"/>
<type value="normal"/>
</arc>
<arc id="T13 to P13" source="T13" target="P13">
<graphics/>
<inscription>
<value>Default,1</value>
<graphics/>
</inscription>
<tagged>
<value>false</value>
</tagged>
<arcpath id="000" x="1640" y="225" curvePoint="false"/>
<arcpath id="001" x="1620" y="296" curvePoint="false"/>
<type value="normal"/>
</arc>
<arc id="T14 to P14" source="T14" target="P14">
<graphics/>
<inscription>
<value>Default,1</value>
<graphics/>
</inscription>
<tagged>
<value>false</value>
</tagged>
<arcpath id="000" x="1775" y="225" curvePoint="false"/>
<arcpath id="001" x="1754" y="296" curvePoint="false"/>
<type value="normal"/>
</arc>
<arc id="T15 to P15" source="T15" target="P15">
<graphics/>
<inscription>
<value>Default,1</value>
<graphics/>
</inscription>
<tagged>
<value>false</value>
</tagged>
<arcpath id="000" x="1925" y="225" curvePoint="false"/>
<arcpath id="001" x="1904" y="296" curvePoint="false"/>
<type value="normal"/>
</arc>
<arc id="T16 to P1" source="T16" target="P01">
<graphics/>
<inscription>
<value>Default,1</value>
<graphics/>
</inscription>
<tagged>
<value>false</value>
</tagged>
<arcpath id="000" x="265" y="390" curvePoint="false"/>
<arcpath id="001" x="262" y="436" curvePoint="false"/>
<arcpath id="002" x="200" y="430" curvePoint="false"/>
<arcpath id="003" x="205" y="180" curvePoint="false"/>
<arcpath id="004" x="431" y="118" curvePoint="false"/>
<type value="normal"/>
</arc>
<arc id="T16 to P18" source="T16" target="P18">
<graphics/>
<inscription>
<value>Default,1</value>
<graphics/>
</inscription>
<tagged>
<value>false</value>
</tagged>
<arcpath id="000" x="270" y="381" curvePoint="false"/>
<arcpath id="001" x="290" y="324" curvePoint="false"/>
<type value="normal"/>
</arc>
<arc id="T17 to P1" source="T17" target="P01">
<graphics/>
<inscription>
<value>Default,1</value>
<graphics/>
</inscription>
<tagged>
<value>false</value>
</tagged>
<arcpath id="000" x="370" y="390" curvePoint="false"/>
<arcpath id="001" x="372" y="451" curvePoint="false"/>
<arcpath id="002" x="171" y="446" curvePoint="false"/>
<arcpath id="003" x="186" y="171" curvePoint="false"/>
<arcpath id="004" x="431" y="118" curvePoint="false"/>
<type value="normal"/>
</arc>
<arc id="T17 to P19" source="T17" target="P19">
<graphics/>
<inscription>
<value>Default,1</value>
<graphics/>
</inscription>
<tagged>
<value>false</value>
</tagged>
<arcpath id="000" x="374" y="381" curvePoint="false"/>
<arcpath id="001" x="395" y="324" curvePoint="false"/>
<type value="normal"/>
</arc>
<arc id="T18 to P1" source="T18" target="P01">
<graphics/>
<inscription>
<value>Default,1</value>
<graphics/>
</inscription>
<tagged>
<value>false</value>
</tagged>
<arcpath id="000" x="490" y="390" curvePoint="false"/>
<arcpath id="001" x="501" y="466" curvePoint="false"/>
<arcpath id="002" x="151" y="460" curvePoint="false"/>
<arcpath id="003" x="165" y="156" curvePoint="false"/>
<arcpath id="004" x="431" y="117" curvePoint="false"/>
<type value="normal"/>
</arc>
<arc id="T18 to P20" source="T18" target="P20">
<graphics/>
<inscription>
<value>Default,1</value>
<graphics/>
</inscription>
<tagged>
<value>false</value>
</tagged>
<arcpath id="000" x="494" y="381" curvePoint="false"/>
<arcpath id="001" x="515" y="324" curvePoint="false"/>
<type value="normal"/>
</arc>
<arc id="T19 to P1" source="T19" target="P01">
<graphics/>
<inscription>
<value>Default,1</value>
<graphics/>
</inscription>
<tagged>
<value>false</value>
</tagged>
<arcpath id="000" x="610" y="390" curvePoint="false"/>
<arcpath id="001" x="611" y="481" curvePoint="false"/>
<arcpath id="002" x="121" y="470" curvePoint="false"/>
<arcpath id="003" x="136" y="146" curvePoint="false"/>
<arcpath id="004" x="431" y="116" curvePoint="false"/>
<type value="normal"/>
</arc>
<arc id="T19 to P21" source="T19" target="P21">
<graphics/>
<inscription>
<value>Default,1</value>
<graphics/>
</inscription>
<tagged>
<value>false</value>
</tagged>
<arcpath id="000" x="614" y="381" curvePoint="false"/>
<arcpath id="001" x="635" y="324" curvePoint="false"/>
<type value="normal"/>
</arc>
<arc id="T1 to P2" source="T01" target="P02">
<graphics/>
<inscription>
<value>Default,1</value>
<graphics/>
</inscription>
<tagged>
<value>false</value>
</tagged>
<arcpath id="000" x="645" y="115" curvePoint="false"/>
<arcpath id="001" x="1031" y="115" curvePoint="false"/>
<type value="normal"/>
</arc>
<arc id="T20 to P2" source="T20" target="P02">
<graphics/>
<inscription>
<value>Default,1</value>
<graphics/>
</inscription>
<tagged>
<value>false</value>
</tagged>
<arcpath id="000" x="895" y="390" curvePoint="false"/>
<arcpath id="001" x="891" y="416" curvePoint="false"/>
<arcpath id="002" x="832" y="410" curvePoint="false"/>
<arcpath id="003" x="822" y="186" curvePoint="false"/>
<arcpath id="004" x="1031" y="120" curvePoint="false"/>
<type value="normal"/>
</arc>
<arc id="T20 to P22" source="T20" target="P22">
<graphics/>
<inscription>
<value>Default,1</value>
<graphics/>
</inscription>
<tagged>
<value>false</value>
</tagged>
<arcpath id="000" x="900" y="381" curvePoint="false"/>
<arcpath id="001" x="920" y="324" curvePoint="false"/>
<type value="normal"/>
</arc>
<arc id="T21 to P2" source="T21" target="P02">
<graphics/>
<inscription>
<value>Default,1</value>
<graphics/>
</inscription>
<tagged>
<value>false</value>
</tagged>
<arcpath id="000" x="1000" y="390" curvePoint="false"/>
<arcpath id="001" x="1001" y="426" curvePoint="false"/>
<arcpath id="002" x="820" y="420" curvePoint="false"/>
<arcpath id="003" x="811" y="166" curvePoint="false"/>
<arcpath id="004" x="1031" y="118" curvePoint="false"/>
<type value="normal"/>
</arc>
<arc id="T21 to P23" source="T21" target="P23">
<graphics/>
<inscription>
<value>Default,1</value>
<graphics/>
</inscription>
<tagged>
<value>false</value>
</tagged>
<arcpath id="000" x="1004" y="381" curvePoint="false"/>
<arcpath id="001" x="1025" y="324" curvePoint="false"/>
<type value="normal"/>
</arc>
<arc id="T22 to P2" source="T22" target="P02">
<graphics/>
<inscription>
<value>Default,1</value>
<graphics/>
</inscription>
<tagged>
<value>false</value>
</tagged>
<arcpath id="000" x="1120" y="390" curvePoint="false"/>
<arcpath id="001" x="1112" y="446" curvePoint="false"/>
<arcpath id="002" x="802" y="430" curvePoint="false"/>
<arcpath id="003" x="800" y="156" curvePoint="false"/>
<arcpath id="004" x="1031" y="117" curvePoint="false"/>
<type value="normal"/>
</arc>
<arc id="T22 to P24" source="T22" target="P24">
<graphics/>
<inscription>
<value>Default,1</value>
<graphics/>
</inscription>
<tagged>
<value>false</value>
</tagged>
<arcpath id="000" x="1124" y="381" curvePoint="false"/>
<arcpath id="001" x="1133" y="325" curvePoint="false"/>
<type value="normal"/>
</arc>
<arc id="T23 to P2" source="T23" target="P02">
<graphics/>
<inscription>
<value>Default,1</value>
<graphics/>
</inscription>
<tagged>
<value>false</value>
</tagged>
<arcpath id="000" x="1240" y="390" curvePoint="false"/>
<arcpath id="001" x="1236" y="461" curvePoint="false"/>
<arcpath id="002" x="771" y="441" curvePoint="false"/>
<arcpath id="003" x="780" y="142" curvePoint="false"/>
<arcpath id="004" x="1031" y="116" curvePoint="false"/>
<type value="normal"/>
</arc>
<arc id="T23 to P25" source="T23" target="P25">
<graphics/>
<inscription>
<value>Default,1</value>
<graphics/>
</inscription>
<tagged>
<value>false</value>
</tagged>
<arcpath id="000" x="1244" y="381" curvePoint="false"/>
<arcpath id="001" x="1253" y="325" curvePoint="false"/>
<type value="normal"/>
</arc>
<arc id="T24 to P26" source="T24" target="P26">
<graphics/>
<inscription>
<value>Default,1</value>
<graphics/>
</inscription>
<tagged>
<value>false</value>
</tagged>
<arcpath id="000" x="1514" y="381" curvePoint="false"/>
<arcpath id="001" x="1535" y="324" curvePoint="false"/>
<type value="normal"/>
</arc>
<arc id="T24 to P3" source="T24" target="P03">
<graphics/>
<inscription>
<value>Default,1</value>
<graphics/>
</inscription>
<tagged>
<value>false</value>
</tagged>
<arcpath id="000" x="1510" y="390" curvePoint="false"/>
<arcpath id="001" x="1521" y="425" curvePoint="false"/>
<arcpath id="002" x="1456" y="426" curvePoint="false"/>
<arcpath id="003" x="1465" y="196" curvePoint="false"/>
<arcpath id="004" x="1751" y="118" curvePoint="false"/>
<type value="normal"/>
</arc>
<arc id="T25 to P27" source="T25" target="P27">
<graphics/>
<inscription>
<value>Default,1</value>
<graphics/>
</inscription>
<tagged>
<value>false</value>
</tagged>
<arcpath id="000" x="1650" y="381" curvePoint="false"/>
<arcpath id="001" x="1670" y="324" curvePoint="false"/>
<type value="normal"/>
</arc>
<arc id="T25 to P3" source="T25" target="P03">
<graphics/>
<inscription>
<value>Default,1</value>
<graphics/>
</inscription>
<tagged>
<value>false</value>
</tagged>
<arcpath id="000" x="1645" y="390" curvePoint="false"/>
<arcpath id="001" x="1642" y="441" curvePoint="false"/>
<arcpath id="002" x="1431" y="445" curvePoint="false"/>
<arcpath id="003" x="1436" y="191" curvePoint="false"/>
<arcpath id="004" x="1751" y="118" curvePoint="false"/>
<type value="normal"/>
</arc>
<arc id="T26 to P28" source="T26" target="P28">
<graphics/>
<inscription>
<value>Default,1</value>
<graphics/>
</inscription>
<tagged>
<value>false</value>
</tagged>
<arcpath id="000" x="1784" y="381" curvePoint="false"/>
<arcpath id="001" x="1805" y="324" curvePoint="false"/>
<type value="normal"/>
</arc>
<arc id="T26 to P3" source="T26" target="P03">
<graphics/>
<inscription>
<value>Default,1</value>
<graphics/>
</inscription>
<tagged>
<value>false</value>
</tagged>
<arcpath id="000" x="1780" y="390" curvePoint="false"/>
<arcpath id="001" x="1776" y="455" curvePoint="false"/>
<arcpath id="002" x="1406" y="465" curvePoint="false"/>
<arcpath id="003" x="1416" y="176" curvePoint="false"/>
<arcpath id="004" x="1751" y="117" curvePoint="false"/>
<type value="normal"/>
</arc>
<arc id="T27 to P29" source="T27" target="P29">
<graphics/>
<inscription>
<value>Default,1</value>
<graphics/>
</inscription>
<tagged>
<value>false</value>
</tagged>
<arcpath id="000" x="1934" y="381" curvePoint="false"/>
<arcpath id="001" x="1955" y="324" curvePoint="false"/>
<type value="normal"/>
</arc>
<arc id="T27 to P3" source="T27" target="P03">
<graphics/>
<inscription>
<value>Default,1</value>
<graphics/>
</inscription>
<tagged>
<value>false</value>
</tagged>
<arcpath id="000" x="1930" y="390" curvePoint="false"/>
<arcpath id="001" x="1921" y="476" curvePoint="false"/>
<arcpath id="002" x="1390" y="481" curvePoint="false"/>
<arcpath id="003" x="1395" y="152" curvePoint="false"/>
<arcpath id="004" x="1751" y="116" curvePoint="false"/>
<type value="normal"/>
</arc>
<arc id="T28 to P17" source="T28" target="P17">
<graphics/>
<inscription>
<value>Default,1</value>
<graphics/>
</inscription>
<tagged>
<value>false</value>
</tagged>
<arcpath id="000" x="1053" y="965" curvePoint="false"/>
<arcpath id="001" x="1085" y="880" curvePoint="false"/>
<type value="normal"/>
</arc>
<arc id="T29 to P16" source="T29" target="P16">
<graphics/>
<inscription>
<value>Default,1</value>
<graphics/>
</inscription>
<tagged>
<value>false</value>
</tagged>
<arcpath id="000" x="1040" y="765" curvePoint="false"/>
<arcpath id="001" x="1005" y="851" curvePoint="false"/>
<type value="normal"/>
</arc>
<arc id="T29 to P18" source="T29" target="P18">
<graphics/>
<inscription>
<value>Default,1</value>
<graphics/>
</inscription>
<tagged>
<value>false</value>
</tagged>
<arcpath id="000" x="1030" y="761" curvePoint="false"/>
<arcpath id="001" x="321" y="591" curvePoint="false"/>
<arcpath id="002" x="296" y="325" curvePoint="false"/>
<type value="normal"/>
</arc>
<arc id="T29 to P19" source="T29" target="P19">
<graphics/>
<inscription>
<value>Default,1</value>
<graphics/>
</inscription>
<tagged>
<value>false</value>
</tagged>
<arcpath id="000" x="1030" y="761" curvePoint="false"/>
<arcpath id="001" x="441" y="586" curvePoint="false"/>
<arcpath id="002" x="402" y="325" curvePoint="false"/>
<type value="normal"/>
</arc>
<arc id="T29 to P20" source="T29" target="P20">
<graphics/>
<inscription>
<value>Default,1</value>
<graphics/>
</inscription>
<tagged>
<value>false</value>
</tagged>
<arcpath id="000" x="1030" y="761" curvePoint="false"/>
<arcpath id="001" x="586" y="591" curvePoint="false"/>
<arcpath id="002" x="524" y="325" curvePoint="false"/>
<type value="normal"/>
</arc>
<arc id="T29 to P21" source="T29" target="P21">
<graphics/>
<inscription>
<value>Default,1</value>
<graphics/>
</inscription>
<tagged>
<value>false</value>
</tagged>
<arcpath id="000" x="1030" y="761" curvePoint="false"/>
<arcpath id="001" x="716" y="591" curvePoint="false"/>
<arcpath id="002" x="644" y="325" curvePoint="false"/>
<type value="normal"/>
</arc>
<arc id="T29 to P22" source="T29" target="P22">
<graphics/>
<inscription>
<value>Default,1</value>
<graphics/>
</inscription>
<tagged>
<value>false</value>
</tagged>
<arcpath id="000" x="1035" y="755" curvePoint="false"/>
<arcpath id="001" x="970" y="600" curvePoint="false"/>
<arcpath id="002" x="927" y="325" curvePoint="false"/>
<type value="normal"/>
</arc>
<arc id="T29 to P23" source="T29" target="P23">
<graphics/>
<inscription>
<value>Default,1</value>
<graphics/>
</inscription>
<tagged>
<value>false</value>
</tagged>
<arcpath id="000" x="1042" y="755" curvePoint="false"/>
<arcpath id="001" x="1142" y="586" curvePoint="false"/>
<arcpath id="002" x="1036" y="324" curvePoint="false"/>
<type value="normal"/>
</arc>
<arc id="T29 to P24" source="T29" target="P24">
<graphics/>
<inscription>
<value>Default,1</value>
<graphics/>
</inscription>
<tagged>
<value>false</value>
</tagged>
<arcpath id="000" x="1047" y="755" curvePoint="false"/>
<arcpath id="001" x="1260" y="552" curvePoint="false"/>
<arcpath id="002" x="1142" y="324" curvePoint="false"/>
<type value="normal"/>
</arc>
<arc id="T29 to P25" source="T29" target="P25">
<graphics/>
<inscription>
<value>Default,1</value>
<graphics/>
</inscription>
<tagged>
<value>false</value>
</tagged>
<arcpath id="000" x="1053" y="755" curvePoint="false"/>
<arcpath id="001" x="1386" y="555" curvePoint="false"/>
<arcpath id="002" x="1262" y="323" curvePoint="false"/>
<type value="normal"/>
</arc>
<arc id="T29 to P26" source="T29" target="P26">
<graphics/>
<inscription>
<value>Default,1</value>
<graphics/>
</inscription>
<tagged>
<value>false</value>
</tagged>
<arcpath id="000" x="1060" y="761" curvePoint="false"/>
<arcpath id="001" x="1706" y="571" curvePoint="false"/>
<arcpath id="002" x="1548" y="323" curvePoint="false"/>
<type value="normal"/>
</arc>
<arc id="T29 to P27" source="T29" target="P27">
<graphics/>
<inscription>
<value>Default,1</value>
<graphics/>
</inscription>
<tagged>
<value>false</value>
</tagged>
<arcpath id="000" x="1060" y="761" curvePoint="false"/>
<arcpath id="001" x="1841" y="585" curvePoint="false"/>
<arcpath id="002" x="1683" y="323" curvePoint="false"/>
<type value="normal"/>
</arc>
<arc id="T29 to P28" source="T29" target="P28">
<graphics/>
<inscription>
<value>Default,1</value>
<graphics/>
</inscription>
<tagged>
<value>false</value>
</tagged>
<arcpath id="000" x="1060" y="761" curvePoint="false"/>
<arcpath id="001" x="2006" y="616" curvePoint="false"/>
<arcpath id="002" x="1818" y="323" curvePoint="false"/>
<type value="normal"/>
</arc>
<arc id="T29 to P29" source="T29" target="P29">
<graphics/>
<inscription>
<value>Default,1</value>
<graphics/>
</inscription>
<tagged>
<value>false</value>
</tagged>
<arcpath id="000" x="1060" y="761" curvePoint="false"/>
<arcpath id="001" x="1616" y="751" curvePoint="false"/>
<arcpath id="002" x="2141" y="631" curvePoint="false"/>
<arcpath id="003" x="1967" y="323" curvePoint="false"/>
<type value="normal"/>
</arc>
<arc id="T2 to P3" source="T02" target="P03">
<graphics/>
<inscription>
<value>Default,1</value>
<graphics/>
</inscription>
<tagged>
<value>false</value>
</tagged>
<arcpath id="000" x="1335" y="115" curvePoint="false"/>
<arcpath id="001" x="1751" y="115" curvePoint="false"/>
<type value="normal"/>
</arc>
<arc id="T3 to P1" source="T03" target="P01">
<graphics/>
<inscription>
<value>Default,1</value>
<graphics/>
</inscription>
<tagged>
<value>false</value>
</tagged>
<arcpath id="000" x="1886" y="101" curvePoint="false"/>
<arcpath id="001" x="1895" y="46" curvePoint="false"/>
<arcpath id="002" x="456" y="46" curvePoint="false"/>
<arcpath id="003" x="447" y="101" curvePoint="false"/>
<type value="normal"/>
</arc>
<arc id="T4 to P4" source="T04" target="P04">
<graphics/>
<inscription>
<value>Default,1</value>
<graphics/>
</inscription>
<tagged>
<value>false</value>
</tagged>
<arcpath id="000" x="260" y="225" curvePoint="false"/>
<arcpath id="001" x="240" y="296" curvePoint="false"/>
<type value="normal"/>
</arc>
<arc id="T5 to P5" source="T05" target="P05">
<graphics/>
<inscription>
<value>Default,1</value>
<graphics/>
</inscription>
<tagged>
<value>false</value>
</tagged>
<arcpath id="000" x="365" y="225" curvePoint="false"/>
<arcpath id="001" x="344" y="296" curvePoint="false"/>
<type value="normal"/>
</arc>
<arc id="T6 to P6" source="T06" target="P06">
<graphics/>
<inscription>
<value>Default,1</value>
<graphics/>
</inscription>
<tagged>
<value>false</value>
</tagged>
<arcpath id="000" x="485" y="225" curvePoint="false"/>
<arcpath id="001" x="464" y="296" curvePoint="false"/>
<type value="normal"/>
</arc>
<arc id="T7 to P7" source="T07" target="P07">
<graphics/>
<inscription>
<value>Default,1</value>
<graphics/>
</inscription>
<tagged>
<value>false</value>
</tagged>
<arcpath id="000" x="605" y="225" curvePoint="false"/>
<arcpath id="001" x="584" y="296" curvePoint="false"/>
<type value="normal"/>
</arc>
<arc id="T8 to P8" source="T08" target="P08">
<graphics/>
<inscription>
<value>Default,1</value>
<graphics/>
</inscription>
<tagged>
<value>false</value>
</tagged>
<arcpath id="000" x="890" y="225" curvePoint="false"/>
<arcpath id="001" x="870" y="296" curvePoint="false"/>
<type value="normal"/>
</arc>
<arc id="T9 to P9" source="T09" target="P09">
<graphics/>
<inscription>
<value>Default,1</value>
<graphics/>
</inscription>
<tagged>
<value>false</value>
</tagged>
<arcpath id="000" x="995" y="225" curvePoint="false"/>
<arcpath id="001" x="974" y="296" curvePoint="false"/>
<type value="normal"/>
</arc>
</net>
</pnml>
