<?xml version="1.0" encoding="ISO-8859-1"?><pnml>
<net id="Net-One" type="P/T net">
<token id="Default" enabled="true" red="0" green="0" blue="0"/>
<place id="P16-normal_op">
<graphics>
<position x="345.0" y="195.0"/>
</graphics>
<name>
<value>P16-normal_op</value>
<graphics>
<offset x="-2.6666666666666665" y="10.666666666666664"/>
</graphics>
</name>
<initialMarking>
<value>Default,1</value>
<graphics>
<offset x="0.0" y="0.0"/>
</graphics>
</initialMarking>
<capacity>
<value>0</value>
</capacity>
</place>
<place id="P17_error">
<graphics>
<position x="465.0" y="195.0"/>
</graphics>
<name>
<value>P17_error</value>
<graphics>
<offset x="88.33333333333334" y="16.666666666666664"/>
</graphics>
</name>
<initialMarking>
<value>Default,0</value>
<graphics>
<offset x="0.0" y="0.0"/>
</graphics>
</initialMarking>
<capacity>
<value>0</value>
</capacity>
</place>
<transition id="T28">
<graphics>
<position x="405.0" y="270.0"/>
</graphics>
<name>
<value>T28</value>
<graphics>
<offset x="-5.0" y="35.0"/>
</graphics>
</name>
<orientation>
<value>90</value>
</orientation>
<rate>
<value>1.0</value>
</rate>
<timed>
<value>false</value>
</timed>
<infiniteServer>
<value>false</value>
</infiniteServer>
<priority>
<value>1</value>
</priority>
</transition>
<transition id="T29">
<graphics>
<position x="405.0" y="105.0"/>
</graphics>
<name>
<value>T29</value>
<graphics>
<offset x="-5.0" y="35.0"/>
</graphics>
</name>
<orientation>
<value>90</value>
</orientation>
<rate>
<value>1.0</value>
</rate>
<timed>
<value>false</value>
</timed>
<infiniteServer>
<value>false</value>
</infiniteServer>
<priority>
<value>1</value>
</priority>
</transition>
<arc id="P16-normal_op to T28" source="P16-normal_op" target="T28">
<graphics/>
<inscription>
<value>Default,1</value>
<graphics/>
</inscription>
<tagged>
<value>false</value>
</tagged>
<arcpath id="000" x="366" y="218" curvePoint="false"/>
<arcpath id="001" x="410" y="276" curvePoint="false"/>
<type value="normal"/>
</arc>
<arc id="P17_error to T29" source="P17_error" target="T29">
<graphics/>
<inscription>
<value>Default,1</value>
<graphics/>
</inscription>
<tagged>
<value>false</value>
</tagged>
<arcpath id="000" x="468" y="194" curvePoint="false"/>
<arcpath id="001" x="421" y="122" curvePoint="false"/>
<type value="normal"/>
</arc>
<arc id="T28 to P17_error" source="T28" target="P17_error">
<graphics/>
<inscription>
<value>Default,1</value>
<graphics/>
</inscription>
<tagged>
<value>false</value>
</tagged>
<arcpath id="000" x="420" y="276" curvePoint="false"/>
<arcpath id="001" x="467" y="218" curvePoint="false"/>
<type value="normal"/>
</arc>
<arc id="T29 to P16-normal_op" source="T29" target="P16-normal_op">
<graphics/>
<inscription>
<value>Default,1</value>
<graphics/>
</inscription>
<tagged>
<value>false</value>
</tagged>
<arcpath id="000" x="411" y="121" curvePoint="false"/>
<arcpath id="001" x="364" y="194" curvePoint="false"/>
<type value="normal"/>
</arc>
</net>
</pnml>
