<?xml version="1.0" encoding="ISO-8859-1"?><pnml>
<net id="Net-One" type="P/T net">
<token id="Default" enabled="true" red="0" green="0" blue="0"/>
<place id="P01">
<graphics>
<position x="180.0" y="185.0"/>
</graphics>
<name>
<value>P01</value>
<graphics>
<offset x="0.0" y="0.0"/>
</graphics>
</name>
<initialMarking>
<value>Default,1</value>
<graphics>
<offset x="0.0" y="0.0"/>
</graphics>
</initialMarking>
<capacity>
<value>0</value>
</capacity>
</place>
<place id="P02">
<graphics>
<position x="420.0" y="185.0"/>
</graphics>
<name>
<value>P02</value>
<graphics>
<offset x="0.0" y="0.0"/>
</graphics>
</name>
<initialMarking>
<value>Default,0</value>
<graphics>
<offset x="0.0" y="0.0"/>
</graphics>
</initialMarking>
<capacity>
<value>0</value>
</capacity>
</place>
<place id="P03">
<graphics>
<position x="645.0" y="185.0"/>
</graphics>
<name>
<value>P03</value>
<graphics>
<offset x="0.0" y="0.0"/>
</graphics>
</name>
<initialMarking>
<value>Default,0</value>
<graphics>
<offset x="0.0" y="0.0"/>
</graphics>
</initialMarking>
<capacity>
<value>0</value>
</capacity>
</place>
<place id="P04">
<graphics>
<position x="180.0" y="320.0"/>
</graphics>
<name>
<value>P04</value>
<graphics>
<offset x="0.0" y="0.0"/>
</graphics>
</name>
<initialMarking>
<value>Default,0</value>
<graphics>
<offset x="0.0" y="0.0"/>
</graphics>
</initialMarking>
<capacity>
<value>0</value>
</capacity>
</place>
<place id="P05">
<graphics>
<position x="420.0" y="320.0"/>
</graphics>
<name>
<value>P05</value>
<graphics>
<offset x="0.0" y="0.0"/>
</graphics>
</name>
<initialMarking>
<value>Default,0</value>
<graphics>
<offset x="0.0" y="0.0"/>
</graphics>
</initialMarking>
<capacity>
<value>0</value>
</capacity>
</place>
<place id="P06">
<graphics>
<position x="645.0" y="320.0"/>
</graphics>
<name>
<value>P06</value>
<graphics>
<offset x="0.0" y="0.0"/>
</graphics>
</name>
<initialMarking>
<value>Default,0</value>
<graphics>
<offset x="0.0" y="0.0"/>
</graphics>
</initialMarking>
<capacity>
<value>0</value>
</capacity>
</place>
<transition id="T01">
<graphics>
<position x="300.0" y="185.0"/>
</graphics>
<name>
<value>T01</value>
<graphics>
<offset x="-5.0" y="35.0"/>
</graphics>
</name>
<orientation>
<value>0</value>
</orientation>
<rate>
<value>1.0</value>
</rate>
<timed>
<value>false</value>
</timed>
<infiniteServer>
<value>false</value>
</infiniteServer>
<priority>
<value>1</value>
</priority>
</transition>
<transition id="T02">
<graphics>
<position x="540.0" y="185.0"/>
</graphics>
<name>
<value>T02</value>
<graphics>
<offset x="-5.0" y="35.0"/>
</graphics>
</name>
<orientation>
<value>0</value>
</orientation>
<rate>
<value>1.0</value>
</rate>
<timed>
<value>false</value>
</timed>
<infiniteServer>
<value>false</value>
</infiniteServer>
<priority>
<value>1</value>
</priority>
</transition>
<transition id="T03">
<graphics>
<position x="750.0" y="185.0"/>
</graphics>
<name>
<value>T03</value>
<graphics>
<offset x="-5.0" y="35.0"/>
</graphics>
</name>
<orientation>
<value>0</value>
</orientation>
<rate>
<value>1.0</value>
</rate>
<timed>
<value>false</value>
</timed>
<infiniteServer>
<value>false</value>
</infiniteServer>
<priority>
<value>1</value>
</priority>
</transition>
<transition id="T04">
<graphics>
<position x="150.0" y="245.0"/>
</graphics>
<name>
<value>T04</value>
<graphics>
<offset x="-5.0" y="35.0"/>
</graphics>
</name>
<orientation>
<value>90</value>
</orientation>
<rate>
<value>1.0</value>
</rate>
<timed>
<value>false</value>
</timed>
<infiniteServer>
<value>false</value>
</infiniteServer>
<priority>
<value>1</value>
</priority>
</transition>
<transition id="T05">
<graphics>
<position x="210.0" y="245.0"/>
</graphics>
<name>
<value>T05</value>
<graphics>
<offset x="-5.0" y="35.0"/>
</graphics>
</name>
<orientation>
<value>90</value>
</orientation>
<rate>
<value>1.0</value>
</rate>
<timed>
<value>false</value>
</timed>
<infiniteServer>
<value>false</value>
</infiniteServer>
<priority>
<value>1</value>
</priority>
</transition>
<transition id="T06">
<graphics>
<position x="390.0" y="245.0"/>
</graphics>
<name>
<value>T06</value>
<graphics>
<offset x="-5.0" y="35.0"/>
</graphics>
</name>
<orientation>
<value>90</value>
</orientation>
<rate>
<value>1.0</value>
</rate>
<timed>
<value>false</value>
</timed>
<infiniteServer>
<value>false</value>
</infiniteServer>
<priority>
<value>1</value>
</priority>
</transition>
<transition id="T07">
<graphics>
<position x="450.0" y="245.0"/>
</graphics>
<name>
<value>T07</value>
<graphics>
<offset x="-5.0" y="35.0"/>
</graphics>
</name>
<orientation>
<value>90</value>
</orientation>
<rate>
<value>1.0</value>
</rate>
<timed>
<value>false</value>
</timed>
<infiniteServer>
<value>false</value>
</infiniteServer>
<priority>
<value>1</value>
</priority>
</transition>
<transition id="T08">
<graphics>
<position x="615.0" y="245.0"/>
</graphics>
<name>
<value>T08</value>
<graphics>
<offset x="-5.0" y="35.0"/>
</graphics>
</name>
<orientation>
<value>90</value>
</orientation>
<rate>
<value>1.0</value>
</rate>
<timed>
<value>false</value>
</timed>
<infiniteServer>
<value>false</value>
</infiniteServer>
<priority>
<value>1</value>
</priority>
</transition>
<transition id="T09">
<graphics>
<position x="675.0" y="245.0"/>
</graphics>
<name>
<value>T09</value>
<graphics>
<offset x="-5.0" y="35.0"/>
</graphics>
</name>
<orientation>
<value>90</value>
</orientation>
<rate>
<value>1.0</value>
</rate>
<timed>
<value>false</value>
</timed>
<infiniteServer>
<value>false</value>
</infiniteServer>
<priority>
<value>1</value>
</priority>
</transition>
<arc id="P01 to T01" source="P01" target="T01">
<graphics/>
<inscription>
<value>Default,1</value>
<graphics/>
</inscription>
<tagged>
<value>false</value>
</tagged>
<arcpath id="000" x="206" y="196" curvePoint="false"/>
<arcpath id="001" x="306" y="196" curvePoint="false"/>
<type value="normal"/>
</arc>
<arc id="P01 to T04" source="P01" target="T04">
<graphics/>
<inscription>
<value>Default,1</value>
<graphics/>
</inscription>
<tagged>
<value>false</value>
</tagged>
<arcpath id="000" x="183" y="209" curvePoint="false"/>
<arcpath id="001" x="160" y="250" curvePoint="false"/>
<type value="normal"/>
</arc>
<arc id="P02 to T02" source="P02" target="T02">
<graphics/>
<inscription>
<value>Default,1</value>
<graphics/>
</inscription>
<tagged>
<value>false</value>
</tagged>
<arcpath id="000" x="446" y="196" curvePoint="false"/>
<arcpath id="001" x="546" y="196" curvePoint="false"/>
<type value="normal"/>
</arc>
<arc id="P02 to T06" source="P02" target="T06">
<graphics/>
<inscription>
<value>Default,1</value>
<graphics/>
</inscription>
<tagged>
<value>false</value>
</tagged>
<arcpath id="000" x="423" y="209" curvePoint="false"/>
<arcpath id="001" x="400" y="250" curvePoint="false"/>
<type value="normal"/>
</arc>
<arc id="P03 to T03" source="P03" target="T03">
<graphics/>
<inscription>
<value>Default,1</value>
<graphics/>
</inscription>
<tagged>
<value>false</value>
</tagged>
<arcpath id="000" x="670" y="196" curvePoint="false"/>
<arcpath id="001" x="756" y="196" curvePoint="false"/>
<type value="normal"/>
</arc>
<arc id="P03 to T08" source="P03" target="T08">
<graphics/>
<inscription>
<value>Default,1</value>
<graphics/>
</inscription>
<tagged>
<value>false</value>
</tagged>
<arcpath id="000" x="648" y="209" curvePoint="false"/>
<arcpath id="001" x="625" y="250" curvePoint="false"/>
<type value="normal"/>
</arc>
<arc id="P04 to T05" source="P04" target="T05">
<graphics/>
<inscription>
<value>Default,1</value>
<graphics/>
</inscription>
<tagged>
<value>false</value>
</tagged>
<arcpath id="000" x="196" y="317" curvePoint="false"/>
<arcpath id="001" x="220" y="260" curvePoint="false"/>
<type value="normal"/>
</arc>
<arc id="P05 to T07" source="P05" target="T07">
<graphics/>
<inscription>
<value>Default,1</value>
<graphics/>
</inscription>
<tagged>
<value>false</value>
</tagged>
<arcpath id="000" x="436" y="317" curvePoint="false"/>
<arcpath id="001" x="460" y="260" curvePoint="false"/>
<type value="normal"/>
</arc>
<arc id="P06 to T09" source="P06" target="T09">
<graphics/>
<inscription>
<value>Default,1</value>
<graphics/>
</inscription>
<tagged>
<value>false</value>
</tagged>
<arcpath id="000" x="662" y="317" curvePoint="false"/>
<arcpath id="001" x="686" y="260" curvePoint="false"/>
<type value="normal"/>
</arc>
<arc id="T01 to P02" source="T01" target="P02">
<graphics/>
<inscription>
<value>Default,1</value>
<graphics/>
</inscription>
<tagged>
<value>false</value>
</tagged>
<arcpath id="000" x="316" y="196" curvePoint="false"/>
<arcpath id="001" x="416" y="196" curvePoint="false"/>
<type value="normal"/>
</arc>
<arc id="T02 to P03" source="T02" target="P03">
<graphics/>
<inscription>
<value>Default,1</value>
<graphics/>
</inscription>
<tagged>
<value>false</value>
</tagged>
<arcpath id="000" x="556" y="196" curvePoint="false"/>
<arcpath id="001" x="641" y="196" curvePoint="false"/>
<type value="normal"/>
</arc>
<arc id="T03 to P01" source="T03" target="P01">
<graphics/>
<inscription>
<value>Default,1</value>
<graphics/>
</inscription>
<tagged>
<value>false</value>
</tagged>
<arcpath id="000" x="766" y="196" curvePoint="false"/>
<arcpath id="001" x="793" y="190" curvePoint="false"/>
<arcpath id="002" x="797" y="160" curvePoint="false"/>
<arcpath id="003" x="203" y="157" curvePoint="false"/>
<arcpath id="004" x="195" y="181" curvePoint="false"/>
<type value="normal"/>
</arc>
<arc id="T04 to P04" source="T04" target="P04">
<graphics/>
<inscription>
<value>Default,1</value>
<graphics/>
</inscription>
<tagged>
<value>false</value>
</tagged>
<arcpath id="000" x="160" y="260" curvePoint="false"/>
<arcpath id="001" x="185" y="317" curvePoint="false"/>
<type value="normal"/>
</arc>
<arc id="T05 to P01" source="T05" target="P01">
<graphics/>
<inscription>
<value>Default,1</value>
<graphics/>
</inscription>
<tagged>
<value>false</value>
</tagged>
<arcpath id="000" x="220" y="250" curvePoint="false"/>
<arcpath id="001" x="198" y="209" curvePoint="false"/>
<type value="normal"/>
</arc>
<arc id="T06 to P05" source="T06" target="P05">
<graphics/>
<inscription>
<value>Default,1</value>
<graphics/>
</inscription>
<tagged>
<value>false</value>
</tagged>
<arcpath id="000" x="400" y="260" curvePoint="false"/>
<arcpath id="001" x="425" y="317" curvePoint="false"/>
<type value="normal"/>
</arc>
<arc id="T07 to P02" source="T07" target="P02">
<graphics/>
<inscription>
<value>Default,1</value>
<graphics/>
</inscription>
<tagged>
<value>false</value>
</tagged>
<arcpath id="000" x="460" y="250" curvePoint="false"/>
<arcpath id="001" x="438" y="209" curvePoint="false"/>
<type value="normal"/>
</arc>
<arc id="T08 to P06" source="T08" target="P06">
<graphics/>
<inscription>
<value>Default,1</value>
<graphics/>
</inscription>
<tagged>
<value>false</value>
</tagged>
<arcpath id="000" x="626" y="260" curvePoint="false"/>
<arcpath id="001" x="650" y="317" curvePoint="false"/>
<type value="normal"/>
</arc>
<arc id="T09 to P03" source="T09" target="P03">
<graphics/>
<inscription>
<value>Default,1</value>
<graphics/>
</inscription>
<tagged>
<value>false</value>
</tagged>
<arcpath id="000" x="685" y="250" curvePoint="false"/>
<arcpath id="001" x="663" y="209" curvePoint="false"/>
<type value="normal"/>
</arc>
</net>
</pnml>
